,Compound Score,Date,Negative Score,Neutral Score,Postive Score,Text,Tweets Ago,Username
0,0.0,Sat Jun 09 07:22:07 +0000 2018,0.0,1.0,0.0,G7 summit dogged by divisions between Trump and allies https://t.co/KIa4SMpuwh,1,BBCNews
1,-0.1531,Sat Jun 09 07:06:06 +0000 2018,0.151,0.849,0.0,'No dogs allowed' - but what about my assistance dog? https://t.co/xNAlYEacoO,2,BBCNews
2,-0.128,Sat Jun 09 06:59:22 +0000 2018,0.219,0.592,0.189,Birthday Honours 2018: Network Rail boss made CBE amid travel chaos https://t.co/kHWuDHQ9VV,3,BBCNews
3,0.6369,Sat Jun 09 06:33:42 +0000 2018,0.0,0.724,0.276,Canadian GP: Fernando Alonso says 'I'm one of F1's best ever' https://t.co/p81nnU1g6j,4,BBCNews
4,0.0,Sat Jun 09 05:50:03 +0000 2018,0.0,1.0,0.0,South Africa v England: Siya Kolisi - the Springboks captain uniting a country https://t.co/QTMak9yU1c,5,BBCNews
5,0.0,Sat Jun 09 02:28:36 +0000 2018,0.0,1.0,0.0,Meat traces 'found in supermarket vegetarian meals' https://t.co/SIiQRLgK3Z,6,BBCNews
6,0.0,Sat Jun 09 02:07:26 +0000 2018,0.0,1.0,0.0,Maria Esther Bueno: Brazilian star of 1960s women's tennis dies https://t.co/NMc3hai0V5,7,BBCNews
7,-0.2023,Sat Jun 09 01:16:16 +0000 2018,0.141,0.859,0.0,"Boy, 14, charged over string of moped thefts in north London https://t.co/ulne7N3EOv",8,BBCNews
8,-0.5994,Sat Jun 09 00:15:31 +0000 2018,0.281,0.719,0.0,Pregnant and anorexic: 'I was told my baby could die' https://t.co/agj4vcYoSS,9,BBCNews
9,0.0,Sat Jun 09 00:15:31 +0000 2018,0.0,1.0,0.0,US election 2018: The women lining up to topple Trump https://t.co/1kql7F8lMI,10,BBCNews
10,0.0,Sat Jun 09 00:15:31 +0000 2018,0.0,1.0,0.0,Week in pictures: 2 - 8 June 2018 https://t.co/Yt5FdlgG0H,11,BBCNews
11,-0.3612,Sat Jun 09 00:15:31 +0000 2018,0.2,0.8,0.0,Barbed wire and smuggled crabs: Watching North Korea from China https://t.co/g1OL6JN7gt,12,BBCNews
12,0.0,Sat Jun 09 00:15:31 +0000 2018,0.0,1.0,0.0,Anthony Bourdain: Why his travel shows had global appeal https://t.co/0ek8fVzGLJ,13,BBCNews
13,0.0,Sat Jun 09 00:15:30 +0000 2018,0.0,1.0,0.0,Trump Kim summit: Who's pulling the strings? https://t.co/MYuBFgLPGc,14,BBCNews
14,0.0258,Sat Jun 09 00:15:30 +0000 2018,0.0,0.909,0.091,World Cup 2018: Does form matter for teams competing in Russia? https://t.co/eoIaJmbOZU,15,BBCNews
15,0.0,Sat Jun 09 00:15:30 +0000 2018,0.0,1.0,0.0,It's the world's longest non-stop flight... for now https://t.co/ZUUS3UK2Xn,16,BBCNews
16,-0.6369,Sat Jun 09 00:15:30 +0000 2018,0.318,0.682,0.0,Tayyaba abuse case shines light on Pakistan's child maids https://t.co/mL3puqGfC9,17,BBCNews
17,0.4404,Sat Jun 09 00:15:30 +0000 2018,0.0,0.791,0.209,Suffrage centenary: The women getting creative and going on the march https://t.co/EbQCWL2n2I,18,BBCNews
18,0.3612,Sat Jun 09 00:08:31 +0000 2018,0.0,0.783,0.217,Why Russian workers are being taught how to smile https://t.co/vY98gixMx9,19,BBCNews
19,0.0,Fri Jun 08 23:32:59 +0000 2018,0.0,1.0,0.0,More than a million on social housing waiting lists https://t.co/J3BQozhQUf,20,BBCNews
20,0.0,Fri Jun 08 23:32:59 +0000 2018,0.0,1.0,0.0,Trooping the Colour: Guardsman first to wear turban https://t.co/EiQZvEI7DS,21,BBCNews
21,0.4019,Fri Jun 08 23:32:59 +0000 2018,0.0,0.722,0.278,Business leaders urged to help run schools https://t.co/gIrgtPRcY5,22,BBCNews
22,0.4939,Fri Jun 08 23:15:25 +0000 2018,0.0,0.714,0.286,Queen‚Äôs Birthday Honours 2018: Underwater photographer gets MBE https://t.co/MtjFZyjpy0,23,BBCNews
23,-0.4939,Fri Jun 08 23:15:25 +0000 2018,0.262,0.738,0.0,China hackers steal data from US Navy contractor - reports https://t.co/EO3OrqqlRD,24,BBCNews
24,0.2263,Fri Jun 08 23:13:06 +0000 2018,0.184,0.56,0.256,Newspaper headlines: Birthday honours and a disruptive President Trump https://t.co/WE0tztTAEu,25,BBCNews
25,0.1027,Fri Jun 08 23:05:54 +0000 2018,0.167,0.641,0.192,French Open 2018: Simona Halep aims for maiden Grand Slam title https://t.co/ZaDcfJtZV0,26,BBCNews
26,0.4939,Fri Jun 08 22:54:20 +0000 2018,0.0,0.714,0.286,Queen‚Äôs Birthday Honours 2018: Lizzy Yarnold becomes OBE https://t.co/npOYSIKoFi,27,BBCNews
27,0.4939,Fri Jun 08 22:54:19 +0000 2018,0.0,0.758,0.242,Queen‚Äôs Birthday Honours 2018: MBE for TV gardener Monty Don https://t.co/NLu1eq0cNk,28,BBCNews
28,0.4939,Fri Jun 08 22:54:19 +0000 2018,0.0,0.738,0.262,"Queen‚Äôs Birthday Honours 2018: Poppy seller, 103, gets MBE https://t.co/vJmlNdMOEZ",29,BBCNews
29,0.4939,Fri Jun 08 22:54:19 +0000 2018,0.0,0.775,0.225,Queen‚Äôs Birthday Honours 2018: Nurse for first HIV patients gets OBE https://t.co/DFtlDgptjO,30,BBCNews
30,0.0,Fri Jun 08 22:54:17 +0000 2018,0.0,1.0,0.0,Leo Varadkar is first taoiseach to visit Orange Order HQ https://t.co/Fz3BqrT4zU,31,BBCNews
31,0.4939,Fri Jun 08 22:35:29 +0000 2018,0.0,0.652,0.348,Could an emoji save your life? https://t.co/yKQEpIIeKy,32,BBCNews
32,0.0,Fri Jun 08 22:35:29 +0000 2018,0.0,1.0,0.0,Anthony Bourdain: Five of his tips for eating out https://t.co/O8UHzvePFG,33,BBCNews
33,0.7506,Fri Jun 08 22:33:04 +0000 2018,0.0,0.584,0.416,Birthday Honours 2018: Health workers honoured in NHS 70th year https://t.co/JOYploUs7f,34,BBCNews
34,0.6369,Fri Jun 08 22:25:48 +0000 2018,0.0,0.634,0.366,Taylor Swift praises Manchester's 'incredible resilience' as UK tour launches https://t.co/W5ljCGMlPT,35,BBCNews
35,0.0,Fri Jun 08 22:02:05 +0000 2018,0.0,1.0,0.0,Trump Kim: Impersonators buddy up in Singapore https://t.co/v1FmqlErzf,36,BBCNews
36,0.0,Fri Jun 08 22:02:05 +0000 2018,0.0,1.0,0.0,Brexit trade proposals will not be published until after EU summit https://t.co/Bx9yWmBS5v,37,BBCNews
37,0.3612,Fri Jun 08 21:58:17 +0000 2018,0.0,0.828,0.172,"Saturday‚Äôs Telegraph: ""Meat found in vegan ready meals"" #tomorrowspaperstoday #bbcpapers (via @BBCHelenaLee) https://t.co/Qwmok5xuBX",38,BBCNews
38,0.0,Fri Jun 08 21:58:01 +0000 2018,0.0,1.0,0.0,"Saturday‚Äôs Express: ""New law to tackle moped muggers"" #tomorrowspaperstoday #bbcpapers (via @BBCHelenaLee) https://t.co/UtUQLCk6yt",39,BBCNews
39,0.0,Fri Jun 08 21:57:50 +0000 2018,0.0,1.0,0.0,"Saturday‚Äôs Daily Mail: ""Off the rails!"" #tomorrowspaperstoday #bbcpapers (via @BBCHelenaLee) https://t.co/v8a1aZkBmj",40,BBCNews
40,-0.34,Fri Jun 08 21:57:25 +0000 2018,0.179,0.821,0.0,"Saturday‚Äôs Guardian: ""Army ads targeting stressed teenagers"" #tomorrowspaperstoday #bbcpapers (via @BBCHelenaLee) https://t.co/Lg0fYYcbGL",41,BBCNews
41,0.0,Fri Jun 08 21:57:05 +0000 2018,0.0,1.0,0.0,"Saturday‚Äôs Sun: ""Tosh &amp; Becks"" #tomorrowspaperstoday #bbcpapers (via @BBCHelenaLee) https://t.co/tqo84swF0g",42,BBCNews
42,0.0,Fri Jun 08 21:56:51 +0000 2018,0.0,1.0,0.0,"Saturday‚Äôs Times: ""Trump turns up the heat as G7 splits over Russia"" #tomorrowspaperstoday #bbcpapers (via‚Ä¶ https://t.co/EXbSG1x8vR",43,BBCNews
43,0.0,Fri Jun 08 21:56:32 +0000 2018,0.0,1.0,0.0,"Saturday's Mirror: ""Sir Kenny"" #tomorrowspaperstoday #bbcpapers (via @BBCHelenaLee) https://t.co/50XuaBXtHG",44,BBCNews
44,0.8126,Fri Jun 08 21:56:05 +0000 2018,0.0,0.619,0.381,"Saturday's i: ""Birthday honours for the best of British"" #tomorrowspaperstoday #bbcpapers (via @BBCHelenaLee) https://t.co/pG68kIY6GZ",45,BBCNews
45,0.0258,Fri Jun 08 21:55:24 +0000 2018,0.133,0.727,0.139,"Saturday's FT: ""BT cuts off Patterson to calm City"" #tomorrowspaperstoday #bbcpapers (via @BBCHelenaLee) https://t.co/6A2AgGF3Yx",46,BBCNews
46,0.5994,Fri Jun 08 21:54:59 +0000 2018,0.0,0.672,0.328,Super League: St Helens 26-4 Hull Kingston Rovers https://t.co/9oNaXzNxw1,47,BBCNews
47,0.7964,Fri Jun 08 21:40:56 +0000 2018,0.0,0.552,0.448,Richard Scudamore: Premier League chief plays down prospect of European super league https://t.co/MVs26qXe6G,48,BBCNews
48,0.4939,Fri Jun 08 21:40:56 +0000 2018,0.0,0.652,0.348,Birthday Honours 2018: Twelve famous faces https://t.co/87DmVSVOmx,49,BBCNews
49,-0.7184,Fri Jun 08 21:36:06 +0000 2018,0.4,0.6,0.0,Sir Elton John urges social media boycott over hate speech https://t.co/R1daWpz9yt,50,BBCNews
50,0.4939,Fri Jun 08 21:36:06 +0000 2018,0.0,0.758,0.242,Birthday Honours 2018: Kenny Dalglish and Emma Thompson head list https://t.co/aXo0xyY9qk,51,BBCNews
51,0.4939,Fri Jun 08 21:33:46 +0000 2018,0.0,0.758,0.242,"Queen's Birthday Honours: Kenny Dalglish knighted, Anthony Joshua becomes OBE https://t.co/G0PkxEUruf",52,BBCNews
52,0.0,Fri Jun 08 21:19:18 +0000 2018,0.0,1.0,0.0,Women's World Cup Qualifying: Russia Women 1-3 England Women highlights https://t.co/hX6MpJm6Kg,53,BBCNews
53,0.0,Fri Jun 08 20:08:11 +0000 2018,0.0,1.0,0.0,Jean-Pierre Bemba: Congo warlord's conviction overturned https://t.co/e1aavIKy8y,54,BBCNews
54,-0.6705,Fri Jun 08 20:05:54 +0000 2018,0.429,0.571,0.0,US soldier killed in Somalia firefight https://t.co/OxESIdTqNR,55,BBCNews
55,0.0,Fri Jun 08 19:53:57 +0000 2018,0.0,1.0,0.0,Max Verstappen quickest in Canadian GP second practice https://t.co/sJAe8ZrWsw,56,BBCNews
56,0.0,Fri Jun 08 19:53:52 +0000 2018,0.0,1.0,0.0,World Cup warm-up match: Germany 2-1 Saudi Arabia https://t.co/SINZ1rcpR3,57,BBCNews
57,-0.2263,Fri Jun 08 18:49:28 +0000 2018,0.192,0.808,0.0,Nasa: Building blocks of life on Mars found https://t.co/HO8TWQ1q5c,58,BBCNews
58,0.0,Fri Jun 08 18:36:06 +0000 2018,0.0,1.0,0.0,"RT @BBCBreaking: World leaders assemble for 'family photo' at G7 summit in Canada 

https://t.co/9TJ4sS5Kev https://t.co/ZWUrmO3cV5",59,BBCNews
59,-0.8316,Fri Jun 08 18:30:13 +0000 2018,0.557,0.443,0.0,Khalid Ali: Terror suspect 'had knowledge of bomb making' https://t.co/RRL5sKl1Ww,60,BBCNews
60,0.0,Fri Jun 08 18:08:58 +0000 2018,0.0,1.0,0.0,Women's World Cup qualifying: Russia 1-3 England https://t.co/2oiP6sVlBZ,61,BBCNews
61,-0.6557,Fri Jun 08 17:51:50 +0000 2018,0.24,0.76,0.0,Thousands of trains have been cancelled in recent weeks. So what's gone wrong with the UK's railways? üöÜüõ§Ô∏è‚Ä¶ https://t.co/ycYHW9JrTt,62,BBCNews
62,0.0,Fri Jun 08 17:50:59 +0000 2018,0.0,1.0,0.0,Alligator knocks out man in Florida https://t.co/ax0lZzLpN7,63,BBCNews
63,-0.34,Fri Jun 08 17:24:04 +0000 2018,0.255,0.745,0.0,'Detention' for contractor over school marking mistake https://t.co/5xTX6s8v9y,64,BBCNews
64,0.0,Fri Jun 08 17:15:58 +0000 2018,0.0,1.0,0.0,"""Some people will look at a bowl of mussels now and wonder if they're going to be eating strands of someone else's‚Ä¶ https://t.co/KAAmImjMgN",65,BBCNews
65,-0.6908,Fri Jun 08 17:14:06 +0000 2018,0.588,0.412,0.0,Man charged over 100-year-old's death https://t.co/WHBXR2W4TJ,66,BBCNews
66,0.0,Fri Jun 08 16:52:08 +0000 2018,0.0,1.0,0.0,"RT @BBCSport: Half-Time: Russia Women 1-3 England Women. 

A double for Jill Scott and one for Nikita Parris puts England in control agains‚Ä¶",67,BBCNews
67,-0.3802,Fri Jun 08 16:28:26 +0000 2018,0.11,0.89,0.0,"RT @BBCSport: GOAL! Russia Women 0-1 England Women.

Nikita Parris loses her marker to guide home a header from close range after a lovely‚Ä¶",68,BBCNews
68,0.5859,Fri Jun 08 16:26:33 +0000 2018,0.0,0.774,0.226,Rafael Nadal into French Open final with win over Juan Martin del Potro https://t.co/8vuKGbqHbm,69,BBCNews
69,-0.0516,Fri Jun 08 16:26:31 +0000 2018,0.13,0.87,0.0,Emre Can: Liverpool announce midfielder to leave Anfield https://t.co/2BvahMf5mv,70,BBCNews
70,0.0,Fri Jun 08 16:19:02 +0000 2018,0.0,1.0,0.0,"RT @BBCSport: Incredible.

Rafael Nadal is in the French Open final AGAIN.

LIVEüëâhttps://t.co/9uGaa6ApEd
üìª @5livesport extra
#bbctennis #RG‚Ä¶",71,BBCNews
71,-0.6486,Fri Jun 08 16:15:00 +0000 2018,0.469,0.531,0.0,Abandoned 'ghost village' in China becomes overgrown https://t.co/rRsQFsnWNP,72,BBCNews
72,-0.2382,Fri Jun 08 16:11:48 +0000 2018,0.15,0.699,0.151,"""People like Boris (Johnson) have strong views on Brexit, but so do I"" - PM Theresa May responds to criticism from‚Ä¶ https://t.co/D7Ka7CzOJG",73,BBCNews
73,0.0,Fri Jun 08 15:43:29 +0000 2018,0.0,1.0,0.0,Max Verstappen fastest in first Canada practice https://t.co/9M0fOxEFHf,74,BBCNews
74,0.7506,Fri Jun 08 15:16:36 +0000 2018,0.0,0.709,0.291,RT @bbcstories: Christina had anorexia during each of her 3 pregnancies. Now she's helping women like her get support. (via #BBCLikeThat) h‚Ä¶,75,BBCNews
75,0.5859,Fri Jun 08 14:29:34 +0000 2018,0.0,0.612,0.388,The Queen has successful cataract operation https://t.co/xsbqmA0rT5,76,BBCNews
76,-0.6597,Fri Jun 08 14:27:55 +0000 2018,0.241,0.759,0.0,"RT @BBCEngland: Oxford student loses an appeal against a ""compassionate"" suspended jail term for stabbing her boyfriend with a breadknife h‚Ä¶",77,BBCNews
77,0.0,Fri Jun 08 14:05:18 +0000 2018,0.0,1.0,0.0,French Open 2018: Dominic Thiem beats Marco Cecchinato to make final https://t.co/ELd9s972jd,78,BBCNews
78,0.0,Fri Jun 08 14:01:49 +0000 2018,0.0,1.0,0.0,Plastic and cotton found in UK's wild mussels https://t.co/IzNzYfzjOz,79,BBCNews
79,0.4215,Fri Jun 08 13:46:55 +0000 2018,0.0,0.714,0.286,Manchester United women: Casey Stoney named manager https://t.co/gl26xMjEqW,80,BBCNews
80,0.0,Fri Jun 08 13:41:34 +0000 2018,0.0,1.0,0.0,Harry Kane: Tottenham striker signs new contract until 2024 https://t.co/qwpxHhtuVI,81,BBCNews
81,-0.0772,Fri Jun 08 13:35:29 +0000 2018,0.173,0.67,0.156,"Lush said it had suspended the campaign ""for the safety of our staff""
https://t.co/kQvWnLnjRa",82,BBCNews
82,-0.1027,Fri Jun 08 13:26:31 +0000 2018,0.167,0.833,0.0,NHS staff vote for 6.5% pay deal https://t.co/WaF7y1q04z,83,BBCNews
83,0.0,Fri Jun 08 13:20:37 +0000 2018,0.0,1.0,0.0,Brexit: Barnier questions May's 'backstop plan' https://t.co/fVp0glbMRn,84,BBCNews
84,-0.3818,Fri Jun 08 13:19:02 +0000 2018,0.159,0.841,0.0,"RT @BBCNewsNI: UK's proposal to avoid a hard Irish border ""raises more questions than it answers"", says EU's chief Brexit negotiator Michel‚Ä¶",85,BBCNews
85,-0.6486,Fri Jun 08 12:54:26 +0000 2018,0.202,0.798,0.0,"""We are not going to be intimidated by this form of blame game"" - EU Brexit negotiator Michel Barnier on the UK's ""‚Ä¶ https://t.co/8XjLqucXkh",86,BBCNews
86,0.0,Fri Jun 08 12:52:03 +0000 2018,0.0,1.0,0.0,Carabao Cup: Extra-time scrapped for 2018-19 season https://t.co/jHRAVPfiA1,87,BBCNews
87,-0.25,Fri Jun 08 12:49:38 +0000 2018,0.217,0.66,0.123,Lavinia Woodward loses appeal bid to overturn sentence https://t.co/KszvxShF7r,88,BBCNews
88,0.5267,Fri Jun 08 12:26:29 +0000 2018,0.0,0.779,0.221,England's World Cup winning women's team set to double salary by 2020 https://t.co/TPxSXNlnNq,89,BBCNews
89,-0.4215,Fri Jun 08 12:24:06 +0000 2018,0.259,0.741,0.0,Plastic and other waste found in British mussels https://t.co/vdj4ihO76V,90,BBCNews
90,0.0,Fri Jun 08 12:03:12 +0000 2018,0.0,1.0,0.0,Emmerdale's Isobel Steele on being told to 'flash a bit of flesh' https://t.co/931xRcaRXR,91,BBCNews
91,0.4753,Fri Jun 08 11:59:36 +0000 2018,0.0,0.829,0.171,RT @bbcweather: It's a nice day for a spot of lunch outside for most of us! Jo https://t.co/iU8ITC3cso,92,BBCNews
92,-0.7906,Fri Jun 08 11:43:22 +0000 2018,0.269,0.731,0.0,"RT @BBCRealityCheck: With the recent focus on moped crime and muggings, are we in the middle of a crime wave?
https://t.co/h826Z2kclu https‚Ä¶",93,BBCNews
93,-0.7351,Fri Jun 08 11:41:36 +0000 2018,0.508,0.492,0.0,BMW recall delay 'contributed to driver death' https://t.co/fJPPwSdSG1,94,BBCNews
94,-0.6486,Fri Jun 08 11:34:25 +0000 2018,0.35,0.65,0.0,Anthony Bourdain: Celebrity chef found dead at 61 https://t.co/TgpUM8xWoH,95,BBCNews
95,0.7407,Fri Jun 08 11:18:47 +0000 2018,0.175,0.489,0.336,"RT @BBC_HaveYourSay: What do you do when a loved one suffers from depression? If you are happy to do so, please share your stories with us.‚Ä¶",96,BBCNews
96,-0.25,Fri Jun 08 11:18:36 +0000 2018,0.098,0.848,0.054,RT @BBCEngland: Olympic gymnast Louis Smith receives an apology from Virgin Trains after a complaint that only black people in first class‚Ä¶,97,BBCNews
97,0.0,Fri Jun 08 11:17:45 +0000 2018,0.0,1.0,0.0,"RT @BBCSport: The Football Association, Premier League and EFL have today announced a new annual Mid-Season Player Break, starting from the‚Ä¶",98,BBCNews
98,0.0,Fri Jun 08 11:13:19 +0000 2018,0.0,1.0,0.0,Winter break for Premier League clubs in February from 2019-20 https://t.co/W6PWsinjpM,99,BBCNews
99,0.0,Fri Jun 08 11:09:01 +0000 2018,0.0,1.0,0.0,RT @BBCEarth: Sir David Attenborough‚Äôs message for #WorldOceansDay. üåäüíô https://t.co/H7x7bD25hZ,100,BBCNews
100,-0.6124,Sat Jun 09 07:33:03 +0000 2018,0.308,0.692,0.0,"Asia Argento, girlfriend of Anthony Bourdain, ""beyond devastated"" https://t.co/iYY5HTPcVe https://t.co/twNUJmiCIp",1,CBSNews
101,0.0,Sat Jun 09 07:18:03 +0000 2018,0.0,1.0,0.0,Fox News' Charles Krauthammer says he has weeks to live https://t.co/fbQ25GCArj https://t.co/7YOc4ptMl0,2,CBSNews
102,0.296,Sat Jun 09 07:03:04 +0000 2018,0.0,0.845,0.155,"Researchers say they're on the verge of creating a revolutionary, non-addictive painkiller https://t.co/u9kM4XUWXI https://t.co/KJLneHl9Xg",3,CBSNews
103,-0.7579,Sat Jun 09 06:48:04 +0000 2018,0.481,0.519,0.0,Palestinians killed in protest near Israel-Gaza border https://t.co/Gcf57qhHp6 https://t.co/yEeiclWjS0,4,CBSNews
104,0.5574,Sat Jun 09 06:33:04 +0000 2018,0.0,0.723,0.277,"Trump says he may pardon Muhammad Ali, who does not need a pardon https://t.co/CSfrmCESau https://t.co/lEbE35xvkE",5,CBSNews
105,-0.5994,Sat Jun 09 06:18:04 +0000 2018,0.358,0.642,0.0,Stars react to Anthony Bourdain's death https://t.co/ZAvjD1gHKv https://t.co/Xzyn9wv60j,6,CBSNews
106,0.5574,Sat Jun 09 06:03:06 +0000 2018,0.0,0.769,0.231,"Mom in ""affluenza"" case in Texas jail after positive drug test https://t.co/Aryj6AEkAZ https://t.co/K39a1CtDfC",7,CBSNews
107,-0.5574,Sat Jun 09 05:48:04 +0000 2018,0.205,0.795,0.0,Kate Spade's father said he spoke to her the night before she died https://t.co/hPhLaiRl9K https://t.co/xbutyk3sKb,8,CBSNews
108,0.5859,Sat Jun 09 05:33:05 +0000 2018,0.0,0.648,0.352,$315M Powerball Jackpot winner comes forward https://t.co/EtmEQjQ1iD https://t.co/wzu4QQsb9J,9,CBSNews
109,-0.34,Sat Jun 09 05:18:05 +0000 2018,0.194,0.806,0.0,Teen's arrest prompts new use-of-force investigation for Mesa police https://t.co/Ojn5ufeZQW https://t.co/P2IlJl7Y8v,10,CBSNews
110,0.0,Sat Jun 09 05:03:04 +0000 2018,0.0,1.0,0.0,Stormy Daniels' former attorney countersues https://t.co/9TcJ8awSG0 https://t.co/Y7HjJ8RZAA,11,CBSNews
111,-0.1779,Sat Jun 09 04:48:03 +0000 2018,0.295,0.476,0.229,5 dangerous myths about Social Security https://t.co/eJR8SNXxF6 https://t.co/bpF6XXuB01,12,CBSNews
112,-0.7096,Sat Jun 09 04:33:03 +0000 2018,0.33,0.67,0.0,High school valedictorian says mic was cut before speaking about sex assault https://t.co/HPzGQvfP6v https://t.co/y4vjIuSSbB,13,CBSNews
113,-0.6486,Sat Jun 09 04:18:03 +0000 2018,0.264,0.736,0.0,Woman who led private investigator to stepson's decomposing remains found dead https://t.co/tIzWD3pZII https://t.co/EylAtAJMjM,14,CBSNews
114,-0.0258,Sat Jun 09 04:03:06 +0000 2018,0.073,0.927,0.0,"Gloria Williams sentenced for kidnapping newborn from hospital, raising child as her own https://t.co/vbyN5oULaN https://t.co/7WLUMDNYDH",15,CBSNews
115,0.1531,Sat Jun 09 03:50:00 +0000 2018,0.157,0.657,0.187,"The Warriors defeated LeBron James and the Cavaliers 108-85, completing a perfect 4-0 sweep https://t.co/Byn9sLKXGL https://t.co/V4KNZy4IAt",16,CBSNews
116,-0.6486,Sat Jun 09 03:48:03 +0000 2018,0.398,0.602,0.0,Woman missing after reported alligator attack in Florida https://t.co/GP0MEsucEt https://t.co/Bs3cVoxsSk,17,CBSNews
117,-0.8481,Sat Jun 09 03:33:03 +0000 2018,0.479,0.521,0.0,"Mother, her boyfriend sentenced in boy's ""beyond animalistic"" child abuse death https://t.co/p2zYrsgywF https://t.co/rKKuaUzghZ",18,CBSNews
118,-0.6124,Sat Jun 09 03:18:04 +0000 2018,0.308,0.692,0.0,"Asia Argento, girlfriend of Anthony Bourdain, ""beyond devastated"" https://t.co/e1GU9vOKPn https://t.co/RrDJwtAUm4",19,CBSNews
119,0.0,Sat Jun 09 03:03:08 +0000 2018,0.0,1.0,0.0,Fox News' Charles Krauthammer says he has weeks to live https://t.co/jIOUmPjHSU https://t.co/jIGRsinthx,20,CBSNews
120,0.0,Sat Jun 09 02:49:33 +0000 2018,0.0,1.0,0.0,Revelations of a Chinese cyberattack on a U.S. Navy contractor comes days before President Trump attends a summit w‚Ä¶ https://t.co/nJQCbqjMaP,21,CBSNews
121,0.4019,Sat Jun 09 02:29:33 +0000 2018,0.0,0.863,0.137,"""The future is now"": Policymakers and businesses are ill-prepared to help workers navigate the transition and adapt‚Ä¶ https://t.co/fzNPQYkxY7",22,CBSNews
122,0.8442,Sat Jun 09 02:09:30 +0000 2018,0.0,0.701,0.299,"Honda slates its Super Cub, the best selling motor vehicle of all time, for a rerelease in the U.S. next year‚Ä¶ https://t.co/G24r4LbrgS",23,CBSNews
123,0.6846,Sat Jun 09 01:49:30 +0000 2018,0.08,0.651,0.269,"Whichever team wins the NBA championship, President Trump says he won't be inviting them to the White House:‚Ä¶ https://t.co/1IAxkFizbd",24,CBSNews
124,0.1531,Sat Jun 09 01:29:31 +0000 2018,0.112,0.745,0.144,Special counsel brings new charges against President Trump's campaign chairman Paul Manafort and a longtime associa‚Ä¶ https://t.co/Zdgogo6XPW,25,CBSNews
125,0.5859,Sat Jun 09 01:09:45 +0000 2018,0.0,0.758,0.242,"""We appreciate President Trump's sentiment, but a pardon is unnecessary,"" says the lawyer for late heavyweight boxi‚Ä¶ https://t.co/kMg5ejkSoP",26,CBSNews
126,0.431,Sat Jun 09 00:49:35 +0000 2018,0.142,0.645,0.213,"The threats facing our oceans might seem like an overwhelming tsunami of problems, but there is still hope. Here ar‚Ä¶ https://t.co/pQVVMv5yCH",27,CBSNews
127,-0.7319,Sat Jun 09 00:29:48 +0000 2018,0.305,0.618,0.077,"If you or someone you know is struggling or in crisis, you are not alone. https://t.co/OzkLuk4t2k https://t.co/6ewHgkL6mp",28,CBSNews
128,0.0,Sat Jun 09 00:09:39 +0000 2018,0.0,1.0,0.0,Israeli troops used tear gas and live ammunition on thousands of Palestinian protestors Friday. Officials say four‚Ä¶ https://t.co/ri7jZtvdDF,29,CBSNews
129,0.0,Fri Jun 08 23:49:36 +0000 2018,0.0,1.0,0.0,"Culinary war-correspondent. Back-of-house immigration advocate. Humanitarian travel writer. A breaker of molds, Ant‚Ä¶ https://t.co/bNcQCJSzwk",30,CBSNews
130,0.4404,Fri Jun 08 23:29:34 +0000 2018,0.0,0.868,0.132,A New York taxi medallion used to be a safe investment to park one's life savings in. Ride-share competition has le‚Ä¶ https://t.co/Rjxqi3YkMi,31,CBSNews
131,-0.1154,Fri Jun 08 23:10:27 +0000 2018,0.065,0.935,0.0,"He risked his life, traveling thousands of miles to cross the U.S. border, but his journey is far from over. Stream‚Ä¶ https://t.co/mu48Q6mYlv",32,CBSNews
132,-0.296,Fri Jun 08 22:59:52 +0000 2018,0.104,0.896,0.0,"RT @CBSEveningNews: A woman vanished today by a lake in south Florida
 
The chief suspect in her disappearance is a large alligator

@David‚Ä¶",33,CBSNews
133,0.2732,Fri Jun 08 22:55:43 +0000 2018,0.0,0.9,0.1,An Ohio teen with cerebral palsy walked in her high school graduation to her mother's surprise and a standing ovati‚Ä¶ https://t.co/FlNZIJDPni,34,CBSNews
134,-0.6486,Fri Jun 08 22:44:22 +0000 2018,0.163,0.837,0.0,RT @CBSEveningNews: Celebrity chef Anthony Bourdain was found dead today in his hotel room in France -- an official said he hanged himself‚Ä¶,35,CBSNews
135,-0.4215,Fri Jun 08 22:33:36 +0000 2018,0.203,0.676,0.122,An American special forces soldier was killed and four other servicemen were wounded during a multiple-day operatio‚Ä¶ https://t.co/hvcglo1SOg,36,CBSNews
136,0.0,Fri Jun 08 22:15:04 +0000 2018,0.0,1.0,0.0,"""The Worm"" is going to Singapore; White House officials, however, have repeatedly said that former NBA star Dennis‚Ä¶ https://t.co/UM8lMGC8wG",37,CBSNews
137,0.0,Fri Jun 08 22:00:00 +0000 2018,0.0,1.0,0.0,"Mitt Romney, formerly the face of the ""Never Trump"" movement in 2016, sees the president being re-nominated ""easily‚Ä¶ https://t.co/ZFQfrlOX2u",38,CBSNews
138,0.0772,Fri Jun 08 21:19:41 +0000 2018,0.0,0.936,0.064,Democratic senators want to know if anyone on Wall Street was tipped off with information related to President Trum‚Ä¶ https://t.co/80kOsMl9Se,39,CBSNews
139,0.0,Fri Jun 08 21:06:36 +0000 2018,0.0,1.0,0.0,"WATCH LIVE: Pres. Trump, Canadian PM Justin Trudeau meet at G7 summit in Charlevoix, Quebec https://t.co/k6VYtNcnL0 https://t.co/ji6kozHSPV",40,CBSNews
140,0.0,Fri Jun 08 21:00:01 +0000 2018,0.0,1.0,0.0,Revelations of a Chinese cyberattack on a U.S. Navy contractor comes days before President Trump attends a summit w‚Ä¶ https://t.co/mfrUgWGXxt,41,CBSNews
141,0.4019,Fri Jun 08 20:39:41 +0000 2018,0.0,0.863,0.137,"""The future is now"": Policymakers and businesses are ill-prepared to help workers navigate the transition and adapt‚Ä¶ https://t.co/uXFufQIhVH",42,CBSNews
142,0.4215,Fri Jun 08 20:19:40 +0000 2018,0.0,0.826,0.174,$1.5 billion in campaign support was not enough for several candidates backed by George Soros to oust the incumbent‚Ä¶ https://t.co/EKf8NKGzO2,43,CBSNews
143,0.8442,Fri Jun 08 19:59:55 +0000 2018,0.0,0.701,0.299,"Honda slates its Super Cub, the best selling motor vehicle of all time, for a rerelease in the U.S. next year‚Ä¶ https://t.co/6l1bgDfisP",44,CBSNews
144,0.0,Fri Jun 08 19:40:04 +0000 2018,0.0,1.0,0.0,"With one last look at the crowd, Marmalade the harbor seal dived back into the waves off the coast of Ocean City, M‚Ä¶ https://t.co/4aAYTzVmSF",45,CBSNews
145,-0.6369,Fri Jun 08 19:24:50 +0000 2018,0.189,0.811,0.0,Kia is recalling over a half-million vehicles in the U.S. because the air bags may not work in a crash‚Ä¶ https://t.co/5EASH4rhUA,46,CBSNews
146,0.0,Fri Jun 08 19:10:19 +0000 2018,0.0,1.0,0.0,"""We are accountable to the people who use what we make"": Facebook COO Sheryl Sandberg's MIT commencement speech urg‚Ä¶ https://t.co/b0ZhxaFHlJ",47,CBSNews
147,-0.6705,Fri Jun 08 18:49:50 +0000 2018,0.22,0.78,0.0,Authorities are investigating the reported suicide of a Kansas woman who led a private investigator to the decompos‚Ä¶ https://t.co/TapZCfxZeU,48,CBSNews
148,0.6846,Fri Jun 08 18:34:57 +0000 2018,0.08,0.651,0.269,"Whichever team wins the NBA championship, President Trump says he won't be inviting them to the White House:‚Ä¶ https://t.co/kk5EWWDu3Q",49,CBSNews
149,0.0,Fri Jun 08 18:25:45 +0000 2018,0.0,1.0,0.0,"MOMENTS AGO: President Trump and other G7 leaders take ""family photo"" at summit in Quebec https://t.co/gPokHDkAxK https://t.co/2e6r5Sma2o",50,CBSNews
150,0.1531,Fri Jun 08 18:17:08 +0000 2018,0.106,0.758,0.136,NEW: Special counsel brings new charges against President Trump's campaign chairman Paul Manafort and a longtime as‚Ä¶ https://t.co/JSoRyS0o2A,51,CBSNews
151,0.0,Fri Jun 08 18:05:10 +0000 2018,0.0,1.0,0.0,"Asia Argento, actress and girlfriend of late celebrity chef Anthony Bourdain, says she is ""beyond devastated""‚Ä¶ https://t.co/E1PiOJQ0Ry",52,CBSNews
152,-0.7319,Fri Jun 08 17:49:35 +0000 2018,0.305,0.618,0.077,"If you or someone you know is struggling or in crisis, you are not alone. https://t.co/OzkLuk4t2k https://t.co/4sYSqGriXa",53,CBSNews
153,0.0,Fri Jun 08 17:34:47 +0000 2018,0.0,1.0,0.0,"Dennis Rodman says he will travel to Singapore ""for the historical summit"" between President Trump and North Korea'‚Ä¶ https://t.co/E1bEYOh2Jp",54,CBSNews
154,-0.6597,Fri Jun 08 17:19:56 +0000 2018,0.262,0.738,0.0,A woman who was out walking her dogs is missing after an alligator reportedly attacked her and dragged her into a p‚Ä¶ https://t.co/3sxKN8vacS,55,CBSNews
155,0.5859,Fri Jun 08 17:05:02 +0000 2018,0.0,0.758,0.242,"""We appreciate President Trump's sentiment, but a pardon is unnecessary,"" says the lawyer for late heavyweight boxi‚Ä¶ https://t.co/ReUcxMpDnp",56,CBSNews
156,0.431,Fri Jun 08 16:54:37 +0000 2018,0.142,0.645,0.213,"The threats facing our oceans might seem like an overwhelming tsunami of problems, but there is still hope. Here ar‚Ä¶ https://t.co/7jWEIjbMYX",57,CBSNews
157,-0.3182,Fri Jun 08 16:35:19 +0000 2018,0.141,0.859,0.0,"U.K. Foreign Secretary Boris Johnson talks Brexit ""meltdown,"" lauds President Trump in leaked audio‚Ä¶ https://t.co/O0v2glyQZS",58,CBSNews
158,0.4588,Fri Jun 08 16:28:11 +0000 2018,0.0,0.85,0.15,WATCH: Canadian Prime Minister Justin Trudeau and his wife welcome President Trump to Quebec for G7 summit‚Ä¶ https://t.co/JZeotyPsPZ,59,CBSNews
159,-0.1027,Fri Jun 08 16:19:00 +0000 2018,0.072,0.928,0.0,"RT @CBSSunday: THE RUNDOWN

A look at what the #CBSSundayMorning team is working hard on:

- @musiciansoncall 

- @MoRocca on Broadway's @R‚Ä¶",60,CBSNews
160,0.0,Fri Jun 08 16:14:38 +0000 2018,0.0,1.0,0.0,WATCH: President Trump has arrived in Quebec for the G7 summit; Trump was originally scheduled to meet with French‚Ä¶ https://t.co/yauVzBFA9i,61,CBSNews
161,0.4215,Fri Jun 08 15:59:51 +0000 2018,0.0,0.882,0.118,"In a break from U.S. allies, Pres. Trump said he hopes to reinstate Russia into the current G7 (formerly known as t‚Ä¶ https://t.co/v5kQD62k5v",62,CBSNews
162,-0.4257,Fri Jun 08 15:34:49 +0000 2018,0.128,0.872,0.0,Do you have to vote even if you don't want to? Not doing so could put you on the path to losing your vote in some s‚Ä¶ https://t.co/7lrN6W7muE,63,CBSNews
163,-0.6486,Fri Jun 08 15:19:27 +0000 2018,0.325,0.675,0.0,Woman walking dog is missing after reported alligator attack in Florida https://t.co/P9ew6R6hqV https://t.co/Jtf81vLBfZ,64,CBSNews
164,0.0,Fri Jun 08 15:08:41 +0000 2018,0.0,1.0,0.0,WATCH: President Trump arrives in Quebec City for G7 summit; he'll take questions with French President Emmanuel Ma‚Ä¶ https://t.co/wLEBiEenor,65,CBSNews
165,-0.5994,Fri Jun 08 14:55:19 +0000 2018,0.218,0.782,0.0,"Actors, politicians, journalists, scientists and others react to Anthony Bourdain's death: ""Without ever preaching,‚Ä¶ https://t.co/OEQ73SIklE",66,CBSNews
166,0.0,Fri Jun 08 14:44:04 +0000 2018,0.0,1.0,0.0,"Anthony Bourdain, the TV celebrity and food writer who traveled the world in search of exotic dishes, was found dea‚Ä¶ https://t.co/UcTN29SYUd",67,CBSNews
167,0.128,Fri Jun 08 14:24:49 +0000 2018,0.181,0.656,0.162,"""I've been sentenced to the best job in the world"": @AnthonyMasonCBS spoke to Anthony Bourdain, who died Friday at‚Ä¶ https://t.co/Qvu6wiXn1p",68,CBSNews
168,0.1531,Fri Jun 08 14:05:29 +0000 2018,0.0,0.914,0.086,"Melania Trump wanted to join G7 summit trip but she can't fly for a month, President Trump says‚Ä¶ https://t.co/h1cHZmdxRY",69,CBSNews
169,-0.0258,Fri Jun 08 13:50:52 +0000 2018,0.064,0.936,0.0,A chilling report reveals bartenders' actions before last year's massacre at a Texas home during a Dallas Cowboys g‚Ä¶ https://t.co/NPjKni2lqK,70,CBSNews
170,0.7351,Fri Jun 08 13:33:58 +0000 2018,0.0,0.693,0.307,"President Trump says he may pardon another late heavyweight boxing champion ‚Äî this time, Muhammad Ali:‚Ä¶ https://t.co/nvzjUhhDUw",71,CBSNews
171,-0.4939,Fri Jun 08 13:18:14 +0000 2018,0.127,0.873,0.0,RT @CBSThisMorning: More than 600 homes have now been destroyed by the volcano on Hawaii's Big Island. The Kilauea volcano is still eruptin‚Ä¶,72,CBSNews
172,0.4215,Fri Jun 08 13:14:45 +0000 2018,0.0,0.887,0.113,"President Trump, on his way to the G-7 summit in Canada, said he hopes to reinstate Russia into the group. Russia w‚Ä¶ https://t.co/W4p7APZEbV",73,CBSNews
173,-0.6705,Fri Jun 08 13:01:56 +0000 2018,0.184,0.816,0.0,"Suicide rates in the U.S. rose nearly 30% over the past two decades, according to a new study, and researchers say‚Ä¶ https://t.co/9oo7aRk8dY",74,CBSNews
174,-0.6801,Fri Jun 08 12:49:38 +0000 2018,0.237,0.763,0.0,"EPA Administrator Scott Pruitt ""is being attacked very viciously by the press. I'm not saying that he is blameless‚Ä¶ https://t.co/FFhcuVdUNA",75,CBSNews
175,0.1655,Fri Jun 08 12:48:24 +0000 2018,0.0,0.927,0.073,"‚ÄúYes, I do have an absolute right to¬†pardon myself, but I will never¬†have to do it becauseI didn't do anything wron‚Ä¶ https://t.co/S4Eckyl6vQ",76,CBSNews
176,0.4019,Fri Jun 08 12:47:00 +0000 2018,0.0,0.847,0.153,"President Trump says he is considering pardoning Muhammad Ali: ""I'm thinking about that very seriously.""‚Ä¶ https://t.co/FoU4J7ViLd",77,CBSNews
177,-0.1419,Fri Jun 08 12:43:25 +0000 2018,0.066,0.934,0.0,"""Why are we having a meeting¬†without Russia?¬†I would recommend, and it is up¬†to them, but Russia should be¬†in the m‚Ä¶ https://t.co/m7n3z2rgMP",78,CBSNews
178,0.1531,Fri Jun 08 12:41:21 +0000 2018,0.16,0.574,0.266,"President Trump on death of Anthony Bourdain: ""I want to extend to his family my heartfelt condolences.""‚Ä¶ https://t.co/l1KxnK9BPP",79,CBSNews
179,0.0,Fri Jun 08 12:39:30 +0000 2018,0.0,1.0,0.0,"‚ÄúI said I've been preparing all¬†my life.¬†I always believe in preparation.¬†But I have been preparing all¬†my life,‚Äù P‚Ä¶ https://t.co/BaDxZRs6p2",80,CBSNews
180,-0.4767,Fri Jun 08 12:36:50 +0000 2018,0.129,0.871,0.0,"""We are going to deal with the unfair trade practices. If you look what Canada, Mexico, the European Union, what al‚Ä¶ https://t.co/lvjuEsj26h",81,CBSNews
181,0.0,Fri Jun 08 12:34:04 +0000 2018,0.0,1.0,0.0,MOMENTS AGO: President Trump speaks to reporters as he departs the White House for the G7 summit in Quebec‚Ä¶ https://t.co/ZQBV6xMQ9Z,82,CBSNews
182,-0.6369,Fri Jun 08 12:29:04 +0000 2018,0.174,0.775,0.05,"RT @CBSThisMorning: ""You never know what's in somebody's head... A lot of times people who end up committing suicide, even when they're ask‚Ä¶",83,CBSNews
183,-0.1027,Fri Jun 08 12:21:50 +0000 2018,0.055,0.945,0.0,"RT @CBSThisMorning: ""I think when you travel as much as I have... I think you become aware of how other people live, how hard their lives a‚Ä¶",84,CBSNews
184,-0.6249,Fri Jun 08 12:11:06 +0000 2018,0.157,0.843,0.0,‚ÄúI think it is a public health crisis. And I think what it means is that we need more resources. We need more resea‚Ä¶ https://t.co/gnVbZjO13h,85,CBSNews
185,0.0,Fri Jun 08 12:06:34 +0000 2018,0.0,1.0,0.0,Anthony Bourdain told @AnthonyMasonCBS in 2016 that his later life changed him: https://t.co/eEcdi1IJsk https://t.co/aP3Gqhr7lK,86,CBSNews
186,-0.0829,Fri Jun 08 11:57:34 +0000 2018,0.182,0.649,0.169,"RT @CBSThisMorning: If you or somebody you know is struggling, you're not alone. Please call 1-800-273-TALK for help. @800273TALK is availa‚Ä¶",87,CBSNews
187,0.959,Fri Jun 08 11:47:21 +0000 2018,0.0,0.423,0.577,"Anthony Bourdain's ""love of great adventure, new friends, fine food and drink and the remarkable stories of the wor‚Ä¶ https://t.co/ZD1mwUHe9z",88,CBSNews
188,-0.8442,Fri Jun 08 11:34:54 +0000 2018,0.323,0.677,0.0,"Anthony Bourdain, a celebrity chef and host of CNN's ""Parts Unknown,"" has died in an apparent suicide, the network‚Ä¶ https://t.co/tyKepWV9nB",89,CBSNews
189,0.5267,Fri Jun 08 11:23:10 +0000 2018,0.0,0.848,0.152,"For the first time in their history, the NHL's Washington @Capitals are Stanley Cup champions. Fans couldn't hold b‚Ä¶ https://t.co/Zw7oSX7hLC",90,CBSNews
190,0.0,Fri Jun 08 11:19:42 +0000 2018,0.0,1.0,0.0,"A New medical mystery affecting U.S. diplomatic workers, this time in China, is deepening. The U.S. embassy in Beij‚Ä¶ https://t.co/6deY2iQWcg",91,CBSNews
191,-0.6705,Fri Jun 08 11:19:31 +0000 2018,0.209,0.791,0.0,A teen escorted from the U.S. by ICE in April has reportedly killed soon after in Mexico: https://t.co/Glz3eiw13i https://t.co/0lcsBoUbSs,92,CBSNews
192,0.0,Fri Jun 08 11:17:04 +0000 2018,0.0,1.0,0.0,An Arizona man who was shown being hit by police on surveillance and body camera footage is speaking out:‚Ä¶ https://t.co/NeHOcLcmaZ,93,CBSNews
193,-0.3818,Fri Jun 08 11:14:47 +0000 2018,0.14,0.86,0.0,Prosecutors in Guatemala are investigating if the country's emergency response agency was negligent in the response‚Ä¶ https://t.co/4rGY5KAiyv,94,CBSNews
194,-0.4939,Fri Jun 08 11:13:01 +0000 2018,0.167,0.833,0.0,More than 600 homes have now been destroyed by the volcano on Hawaii‚Äôs Big Island https://t.co/BjU8vKSwDF https://t.co/Qs9hJETe9K,95,CBSNews
195,-0.0258,Fri Jun 08 11:11:57 +0000 2018,0.199,0.605,0.196,"The Senate Intelligence Committee's former head of security is due in court today, accused of lying to the FBI abou‚Ä¶ https://t.co/ZQNDHU1859",96,CBSNews
196,0.4588,Fri Jun 08 11:08:54 +0000 2018,0.0,0.833,0.167,"While President Trump says he's ""well prepared"" to meet with North Korean leader Kim Jong Un on Tuesday, he also sa‚Ä¶ https://t.co/9JDH4hzafA",97,CBSNews
197,-0.0516,Fri Jun 08 11:06:45 +0000 2018,0.059,0.941,0.0,President Trump will leave the White House shortly to begin several days of high-stakes diplomacy. At the G7 summit‚Ä¶ https://t.co/EfEa0Qn8vG,98,CBSNews
198,-0.6486,Fri Jun 08 10:59:55 +0000 2018,0.193,0.807,0.0,The youngest sister of Queen Maxima of Holland has been found dead in her apartment in Argentina's capital‚Ä¶ https://t.co/4CP4azaRWs,99,CBSNews
199,0.0,Fri Jun 08 10:41:34 +0000 2018,0.0,1.0,0.0,We're in Quebec and Singapore with what to expect from today's G-7 in Canada and the June 12th summit with North Ko‚Ä¶ https://t.co/K6pTEAZDuI,100,CBSNews
200,0.0,Sat Jun 09 07:31:08 +0000 2018,0.0,1.0,0.0,The world's highest glass bridge will soon be home to the world's highest bungee jump https://t.co/fAaotSRizW via‚Ä¶ https://t.co/t4WbdUBMFL,1,CNN
201,0.0,Sat Jun 09 07:16:00 +0000 2018,0.0,1.0,0.0,"Steamboat Geyser in Yellowstone National Park is erupting unusually often. One June 4, the geyser had its eighth er‚Ä¶ https://t.co/kzJPr5HFmj",2,CNN
202,-0.2732,Sat Jun 09 07:01:07 +0000 2018,0.104,0.896,0.0,"Researchers are looking into the possibility of using blood tests to predict a woman's risk of premature birth, whi‚Ä¶ https://t.co/vJZFkJZz7U",3,CNN
203,0.0,Sat Jun 09 06:46:00 +0000 2018,0.0,1.0,0.0,Watch these homes being built using a 3D printer https://t.co/igaBP4k4F8 https://t.co/cpQ97vRD2k,4,CNN
204,0.0,Sat Jun 09 06:31:07 +0000 2018,0.0,1.0,0.0,KFC says it will break with its meat-loving tradition and begin testing a vegetarian alternative to chicken later t‚Ä¶ https://t.co/WfVJGm649F,5,CNN
205,0.2263,Sat Jun 09 06:16:00 +0000 2018,0.0,0.894,0.106,This Army soldier traveled from Iraq for his daughter‚Äôs graduation and surprised her at the rehearsal‚Ä¶ https://t.co/5UKjPCDo5W,6,CNN
206,0.0,Sat Jun 09 06:01:07 +0000 2018,0.0,1.0,0.0,This is the poem a kindergarten teacher hung up so her students know what to do in a school shooting‚Ä¶ https://t.co/Tf587ohFnZ,7,CNN
207,0.8519,Sat Jun 09 05:46:00 +0000 2018,0.0,0.646,0.354,Ever felt like your vacation would make a good blockbuster movie? This tour company aims to capture your travel exp‚Ä¶ https://t.co/DsmmE2rdJx,8,CNN
208,0.7351,Sat Jun 09 05:16:00 +0000 2018,0.0,0.677,0.323,This delivery man is being praised for taking a welcome mat's quirky instructions literally https://t.co/JTIKQxzCvS https://t.co/rZCmomGUOb,9,CNN
209,0.0258,Sat Jun 09 05:01:04 +0000 2018,0.0,0.942,0.058,Organic matter has been found on Mars in soil samples the Curiosity rover took from 3 billion-year-old mudstone in‚Ä¶ https://t.co/QrC1BQMFkl,10,CNN
210,0.4215,Sat Jun 09 04:46:00 +0000 2018,0.0,0.781,0.219,BlackBerry still hopes its keyboard keeps fans coming back https://t.co/AodQi1UcNt https://t.co/r2CaKtagX7,11,CNN
211,-0.3597,Sat Jun 09 04:31:04 +0000 2018,0.146,0.773,0.082,"Venezuela ranks as the most dangerous country in the world for the second straight year, according to a new Gallup‚Ä¶ https://t.co/ywDhdCxqJn",12,CNN
212,0.0,Sat Jun 09 04:16:00 +0000 2018,0.0,1.0,0.0,This surveillance camera footage from last weekend shows a tiny asteroid that NASA says disintegrated over southern‚Ä¶ https://t.co/f10F3pY2Rw,13,CNN
213,0.0,Sat Jun 09 04:01:07 +0000 2018,0.0,1.0,0.0,Time cover gets Trump just right | By Michael D'Antonio via @CNNOpinion https://t.co/3Na14xHBeg https://t.co/MtWRm0tvV9,14,CNN
214,0.5859,Sat Jun 09 03:46:00 +0000 2018,0.0,0.847,0.153,"One step on the island of Bermuda, and it's impossible not to be moved by its beauty, history, simplicity and charm‚Ä¶ https://t.co/FUbBJgpbPn",15,CNN
215,0.8225,Sat Jun 09 03:41:59 +0000 2018,0.0,0.65,0.35,The Golden State Warriors clinched their third NBA championship title in four years with a decisive 108-85 win over‚Ä¶ https://t.co/xFuSWVjOK6,16,CNN
216,0.0,Sat Jun 09 03:38:22 +0000 2018,0.0,1.0,0.0,"Manuel Antonio Cano Pacheco grew up in Iowa. He was sent back to Mexico because of misdemeanor convictions, ICE say‚Ä¶ https://t.co/AHXBMGozjb",17,CNN
217,0.4767,Sat Jun 09 03:31:17 +0000 2018,0.0,0.853,0.147,"As family and friends watch at a distance, phones set to record, a man places a watermelon into an alligator's jaws‚Ä¶ https://t.co/IwsAdq0ACH",18,CNN
218,0.4939,Sat Jun 09 03:16:04 +0000 2018,0.1,0.667,0.233,What's the secret to Okinawans' long life? Experts argue that though a combination of good genes and healthy lifest‚Ä¶ https://t.co/YqGC9CbZTo,19,CNN
219,-0.3781,Sat Jun 09 03:12:27 +0000 2018,0.108,0.839,0.053,"RT @CNNTonight: ""Tony came raw to the picture, he came with his history of his own demons, he didn't hide that he had these terrible proble‚Ä¶",20,CNN
220,0.0,Sat Jun 09 03:01:00 +0000 2018,0.0,1.0,0.0,What is 5G? It's a wireless network technology that will change everything from how you use your phone to how self-‚Ä¶ https://t.co/zsnqRVLTtA,21,CNN
221,0.4939,Sat Jun 09 02:46:00 +0000 2018,0.0,0.856,0.144,IHOP says it's changing name to IHOb. Many major companies also have rebranded ‚Äî some successfully and some not so‚Ä¶ https://t.co/Iogr95BePz,22,CNN
222,-0.8074,Sat Jun 09 02:35:58 +0000 2018,0.269,0.691,0.04,"RT @CuomoPrimeTime: .@chriscuomo: Suicide is a dirty secret in our society. It is a plague. 

Reach out. Don‚Äôt wonder whats going on. Ask t‚Ä¶",23,CNN
223,0.0,Sat Jun 09 02:31:06 +0000 2018,0.0,1.0,0.0,"Gloria Williams, who nearly two decades ago took a baby girl from a Florida hospital and raised the child as her ow‚Ä¶ https://t.co/Di4Q1jkO6v",24,CNN
224,-0.6705,Sat Jun 09 02:16:43 +0000 2018,0.267,0.648,0.085,"RT @CuomoPrimeTime: .@davidaxelrod remembers Anthony Bourdain as well his father, a victim of suicide, and says stigma surrounding the topi‚Ä¶",25,CNN
225,-0.6249,Sat Jun 09 02:16:07 +0000 2018,0.186,0.814,0.0,"Dean Blanchard's home in coastal Louisiana bayou country is in crisis.

According to the US Geological Survey, more‚Ä¶ https://t.co/CBjgkN5iKx",26,CNN
226,-0.5994,Sat Jun 09 02:01:06 +0000 2018,0.231,0.769,0.0,The world reacts to the death of chef and storyteller Anthony Bourdain https://t.co/THajnhq5qZ https://t.co/P0xv9EWnEe,27,CNN
227,0.0,Sat Jun 09 02:00:54 +0000 2018,0.0,1.0,0.0,"RT @CuomoPrimeTime: Former aide to Donald Trump's presidential campaign, Michael Caputo, breaks with President Trump‚Äôs G8 proposal but says‚Ä¶",28,CNN
228,0.0,Sat Jun 09 01:51:09 +0000 2018,0.0,1.0,0.0,The kingdom that China just can't flip https://t.co/HCW0Ai23dg https://t.co/AcIGdp0nYQ,29,CNN
229,0.6369,Sat Jun 09 01:46:00 +0000 2018,0.0,0.794,0.206,Egypt is building The Grand Egyptian Museum. The cost? More than $1 billion. It will re-house and restore some of t‚Ä¶ https://t.co/b0U21oIXxf,30,CNN
230,-0.7506,Sat Jun 09 01:41:04 +0000 2018,0.314,0.686,0.0,How the Trump administration's latest attack on Obamacare could gut protections for the sick https://t.co/k1amBXucg0 https://t.co/aKKVqLIMbI,31,CNN
231,0.0,Sat Jun 09 01:37:46 +0000 2018,0.0,1.0,0.0,"Non-biodegradable chemicals called PFAS have been found in snow all over the world -- even here in the Antarctic, w‚Ä¶ https://t.co/Rgq2GxmK4k",32,CNN
232,0.296,Sat Jun 09 01:31:08 +0000 2018,0.0,0.891,0.109,"From pardons to Pruitt: Another long, busy week in the Trump White House | Analysis by CNN's Saba Hamedy‚Ä¶ https://t.co/L8venqdXDa",33,CNN
233,0.2023,Sat Jun 09 01:21:05 +0000 2018,0.0,0.909,0.091,Illinois Republicans in Congress are making an urgent plea to President Donald Trump: Don't let Rod Blagojevich off‚Ä¶ https://t.co/GkgxlLl8c0,34,CNN
234,0.6478,Sat Jun 09 01:17:38 +0000 2018,0.0,0.782,0.218,"RT @CuomoPrimeTime: Anthony Bourdain friend Andrew Zimmern: ""Tony was one of the most important cultural interpreters of our time... its a‚Ä¶",35,CNN
235,-0.4215,Sat Jun 09 01:09:03 +0000 2018,0.203,0.676,0.122,"Suicide prevention: here's how you can help | By Ford Vox, a physician specializing in rehabilitation medicine. Via‚Ä¶ https://t.co/Y3UI22Mrro",36,CNN
236,0.0,Sat Jun 09 01:03:10 +0000 2018,0.0,1.0,0.0,"RT @OutFrontCNN: ""People think, 'well, you're a priest, you know the answers to all of these mysteries,' and of course, I really don't."" -‚Ä¶",37,CNN
237,0.0,Sat Jun 09 01:01:08 +0000 2018,0.0,1.0,0.0,"HBO has ordered a pilot for a possible ""Game of Thrones"" prequel https://t.co/oRHLNujAVC https://t.co/wEWCD5dsYZ",38,CNN
238,0.0,Sat Jun 09 00:51:04 +0000 2018,0.0,1.0,0.0,The only world leader who can rely on Trump is Vladimir Putin | By Frida Ghitis via @CNNOpinion‚Ä¶ https://t.co/BlG4bVtzLY,39,CNN
239,0.4939,Sat Jun 09 00:48:32 +0000 2018,0.086,0.709,0.205,"RT @AC360: .@andersoncooper: We have lost a friend, a travel companion who was always up for an adventure and one of this country‚Äôs greates‚Ä¶",40,CNN
240,0.0,Sat Jun 09 00:46:00 +0000 2018,0.0,1.0,0.0,"Steamboat Geyser in Yellowstone National Park is erupting unusually often. One June 4, the geyser had its eighth er‚Ä¶ https://t.co/0XsZbucBdo",41,CNN
241,0.0,Sat Jun 09 00:41:04 +0000 2018,0.0,1.0,0.0,Hilary Duff is expecting her second child https://t.co/vZxOVXqCa1 https://t.co/cBore5R9Qu,42,CNN
242,-0.4588,Sat Jun 09 00:32:40 +0000 2018,0.143,0.857,0.0,"Organizers of a fashion show in Saudi Arabia used drones to display female clothes, drawing ridicule on social medi‚Ä¶ https://t.co/isu6bOsjW9",43,CNN
243,-0.6705,Sat Jun 09 00:21:05 +0000 2018,0.256,0.744,0.0,Authorities believe a woman who disappeared Friday morning while walking beside a lake died after being bitten by a‚Ä¶ https://t.co/u4CMVAsSu7,44,CNN
244,-0.0258,Sat Jun 09 00:12:21 +0000 2018,0.108,0.788,0.103,A traffic stop led to a surprise reunion between a New Jersey state trooper and a retired police officer who delive‚Ä¶ https://t.co/V7PyYaWkF9,45,CNN
245,0.4019,Sat Jun 09 00:01:06 +0000 2018,0.0,0.856,0.144,Oscar-winning actress and screenwriter Emma Thompson was awarded a damehood in Queen Elizabeth II's 2018 birthday h‚Ä¶ https://t.co/MpbkSoKANN,46,CNN
246,-0.296,Sat Jun 09 00:01:00 +0000 2018,0.217,0.664,0.119,"Krill are critical to the fight against climate change: These tiny creatures help capture carbon dioxide, offsettin‚Ä¶ https://t.co/rFCDH4RU81",47,CNN
247,0.4019,Fri Jun 08 23:57:51 +0000 2018,0.0,0.828,0.172,"RT @CNNTonight: A CNN Special Tribute, Remembering Anthony Bourdain airs tonight at 10pm ET https://t.co/s3Kt4FknHq",48,CNN
248,-0.296,Fri Jun 08 23:51:05 +0000 2018,0.176,0.824,0.0,"Charles Krauthammer, the famed conservative columnist, informed readers that he is confronting an aggressive form o‚Ä¶ https://t.co/YlUKUqKPuH",49,CNN
249,0.2263,Fri Jun 08 23:46:00 +0000 2018,0.0,0.899,0.101,This US Army soldier traveled from Iraq for his daughter‚Äôs graduation and surprised her at the rehearsal‚Ä¶ https://t.co/2DZKKlFYTc,50,CNN
250,-0.34,Fri Jun 08 23:41:04 +0000 2018,0.124,0.876,0.0,"Bodycam video of a teenage boy's arrest has resulted in another internal investigation of the Mesa, Arizona, Police‚Ä¶ https://t.co/SueFGA7107",51,CNN
251,0.0,Fri Jun 08 23:41:00 +0000 2018,0.0,1.0,0.0,You may think of the Antarctic as pristine wilderness. Nope: It's already showing the effects of human activity tho‚Ä¶ https://t.co/TRVm40oyqj,52,CNN
252,0.0,Fri Jun 08 23:36:04 +0000 2018,0.0,1.0,0.0,"John Lasseter will be leaving Disney at the end of the year, the company said.

Lasseter, who was the chief creativ‚Ä¶ https://t.co/OyEkJ3EaGS",53,CNN
253,-0.7269,Fri Jun 08 23:31:10 +0000 2018,0.319,0.681,0.0,A man in Texas nearly died after the severed head of a rattlesnake bit him https://t.co/XzVvLtnBjn https://t.co/is7JZcglWQ,54,CNN
254,0.5994,Fri Jun 08 23:26:03 +0000 2018,0.0,0.766,0.234,"Tonight in a special tribute, we remember and share the legacy of chef, storyteller and colleague Anthony Bourdain. https://t.co/E65oxBeKtq",55,CNN
255,0.765,Fri Jun 08 23:21:07 +0000 2018,0.145,0.526,0.329,The race to save the Great Barrier Reef? A coral fertility treatment designed to help damaged parts of the reef is‚Ä¶ https://t.co/tA96U8jYZx,56,CNN
256,0.8519,Fri Jun 08 23:16:00 +0000 2018,0.0,0.646,0.354,Ever felt like your vacation would make a good blockbuster movie? This tour company aims to capture your travel exp‚Ä¶ https://t.co/yl6n8SxDCS,57,CNN
257,-0.8074,Fri Jun 08 23:11:05 +0000 2018,0.289,0.711,0.0,Israeli soldiers on Friday killed four Palestinians and wounded more than 600 others protesting in Gaza along the f‚Ä¶ https://t.co/beW7cn612c,58,CNN
258,0.7964,Fri Jun 08 23:01:20 +0000 2018,0.0,0.722,0.278,"RT @AC360: Tonight, we take the full hour to remember the life of our friend and colleague Anthony Bourdain.

Join us for a special tribute‚Ä¶",59,CNN
259,0.0,Fri Jun 08 23:01:03 +0000 2018,0.0,1.0,0.0,Anthony Bourdain was a voice for the underdog | By Alice Driver via @CNNOpinion https://t.co/4ZCPEdEfjk https://t.co/PBr9BuHwwS,60,CNN
260,-0.5994,Fri Jun 08 22:54:26 +0000 2018,0.145,0.855,0.0,"RT @CNNSitRoom: ""In death, as in life, Bourdain has brought the world closer together. He tried through his television shows and books to s‚Ä¶",61,CNN
261,-0.4939,Fri Jun 08 22:51:04 +0000 2018,0.144,0.856,0.0,A total 62 people have suffered Ebola hemorrhagic fever in the Democratic Republic of the Congo since the first cas‚Ä¶ https://t.co/kqNLlDoavt,62,CNN
262,0.7351,Fri Jun 08 22:46:00 +0000 2018,0.0,0.677,0.323,This delivery man is being praised for taking a welcome mat's quirky instructions literally https://t.co/JTIKQxzCvS https://t.co/oXlrZuuiKQ,63,CNN
263,-0.25,Fri Jun 08 22:41:03 +0000 2018,0.13,0.787,0.083,A Virginia jury has found former CIA case officer Kevin Mallory guilty of transmitting secret and top secret docume‚Ä¶ https://t.co/sZWhmszfGt,64,CNN
264,0.0,Fri Jun 08 22:31:07 +0000 2018,0.0,1.0,0.0,"In the Maldives, a resort offers endangered sea turtles a new life #WorldOceansDay https://t.co/lQp6cRpv18 https://t.co/Zt5iCH2Hy6",65,CNN
265,0.128,Fri Jun 08 22:24:26 +0000 2018,0.098,0.78,0.122,After President Trump's lawyers sought to keep their protest over privilege in Michael Cohen's seized documents con‚Ä¶ https://t.co/3e8dbqfi1R,66,CNN
266,0.0,Fri Jun 08 22:21:07 +0000 2018,0.0,1.0,0.0,President Trump says he wants to meet with NFL players and athletes who kneel during the National Anthem so they ca‚Ä¶ https://t.co/6MOM4UuM28,67,CNN
267,0.6369,Fri Jun 08 22:16:11 +0000 2018,0.0,0.802,0.198,"RT @CNNSitRoom: Trump says he‚Äôll ask athletes who kneel during anthem to recommend people for pardoning

""Handing out 'Get Out of Jail Free‚Ä¶",68,CNN
268,0.4215,Fri Jun 08 22:16:00 +0000 2018,0.0,0.781,0.219,BlackBerry still hopes its keyboard keeps fans coming back https://t.co/AodQi1UcNt https://t.co/4oRjSYSt3z,69,CNN
269,0.0,Fri Jun 08 22:01:04 +0000 2018,0.0,1.0,0.0,Are windowless planes the future of travel? https://t.co/fxFOb8RjZ1 https://t.co/MQkm7jtR4j,70,CNN
270,-0.2732,Fri Jun 08 21:51:04 +0000 2018,0.1,0.9,0.0,Now is not the time to cut off AIDS funding | By Joe Biden and Bill Frist via @CNNOpinion https://t.co/mCxxZWiivR https://t.co/D3tAGsi1Wt,71,CNN
271,0.0,Fri Jun 08 21:46:00 +0000 2018,0.0,1.0,0.0,This surveillance camera footage from last weekend shows a tiny asteroid that NASA says disintegrated over southern‚Ä¶ https://t.co/XPwCbcVTee,72,CNN
272,0.0,Fri Jun 08 21:41:05 +0000 2018,0.0,1.0,0.0,"As the #MeToo movement resurfaced, Anthony Bourdain wrote that he stood ""unhesitatingly and unwaveringly"" with wome‚Ä¶ https://t.co/0fMpYQA72v",73,CNN
273,-0.6597,Fri Jun 08 21:36:07 +0000 2018,0.252,0.748,0.0,Chinese government hackers have stolen large swaths of highly sensitive data on undersea warfare from a Navy contra‚Ä¶ https://t.co/UbRl89uQjt,74,CNN
274,0.0,Fri Jun 08 21:31:39 +0000 2018,0.0,1.0,0.0,"Penguins, Seals, and Krill: Antarctica's fragile food chain | via @CNNVR https://t.co/jVb9dbzVcA https://t.co/EEFb7xStuG",75,CNN
275,-0.4767,Fri Jun 08 21:29:39 +0000 2018,0.119,0.881,0.0,RT @CNNSitRoom: President Trump says Russia should be reinstated to the G7 summit. Russia was suspended from the group in 2014 after the ma‚Ä¶,76,CNN
276,-0.5267,Fri Jun 08 21:26:06 +0000 2018,0.167,0.833,0.0,The International Criminal Court has reversed the conviction of the former Vice President of the Democratic Republi‚Ä¶ https://t.co/QXMKeNiVEv,77,CNN
277,-0.5222,Fri Jun 08 21:22:54 +0000 2018,0.236,0.66,0.105,RT @TheLeadCNN: Robert Mueller's special counsel's office hit former Trump campaign chairman Paul Manafort with two more criminal charges a‚Ä¶,78,CNN
278,0.0,Fri Jun 08 21:21:07 +0000 2018,0.0,1.0,0.0,"The US has withdrawn two more people from the US embassy in Havana, Cuba, due to health concerns, according to a se‚Ä¶ https://t.co/sfLa3FR4Wb",79,CNN
279,0.2732,Fri Jun 08 21:16:00 +0000 2018,0.0,0.9,0.1,"First responders in Russellville, Arkansas, went above and beyond the call of duty to surprise a teen with autism a‚Ä¶ https://t.co/i2jXXWsmYb",80,CNN
280,0.0,Fri Jun 08 21:11:07 +0000 2018,0.0,1.0,0.0,The world's highest glass bridge will soon be home to the world's highest bungee jump https://t.co/aXXb5ZbpBV via‚Ä¶ https://t.co/ti89eWBycQ,81,CNN
281,0.5267,Fri Jun 08 21:02:21 +0000 2018,0.0,0.871,0.129,RT @TheLeadCNN: We called it out with Obama and we will call it out with Trump: The Justice Department seizing a reporter‚Äôs phone and email‚Ä¶,82,CNN
282,-0.8074,Fri Jun 08 21:01:48 +0000 2018,0.278,0.722,0.0,"RT @CNNnewsroom: CNN's Erica Hill mourns the death of Anthony Bourdain: ""He was an incredibly gifted chef ... and a masterful storyteller.‚Ä¶",83,CNN
283,0.0,Fri Jun 08 21:01:08 +0000 2018,0.0,1.0,0.0,Anthony Bourdain's life in pictures https://t.co/is5mJldryI https://t.co/01UrJiYyIr,84,CNN
284,-0.2732,Fri Jun 08 20:51:06 +0000 2018,0.104,0.896,0.0,"Researchers are looking into the possibility of using blood tests to predict a woman's risk of premature birth, whi‚Ä¶ https://t.co/gGybmynZAx",85,CNN
285,0.0,Fri Jun 08 20:46:04 +0000 2018,0.0,1.0,0.0,"Anthony Bourdain's ""Kitchen Confidential"" became Amazon's top-selling book after the chef and television host's dea‚Ä¶ https://t.co/rM4AOMBupn",86,CNN
286,0.5859,Fri Jun 08 20:46:00 +0000 2018,0.074,0.703,0.223,"Tyler Soloman wiped tears of joy off his face after his father, who'd been deployed overseas, surprised Tyler by sh‚Ä¶ https://t.co/Thg0mxkvp6",87,CNN
287,0.0,Fri Jun 08 20:41:06 +0000 2018,0.0,1.0,0.0,President Trump is dressed as a king on the new Time magazine cover https://t.co/NxcNy1BWy4 https://t.co/Q2XrjRE4ip,88,CNN
288,-0.1779,Fri Jun 08 20:36:07 +0000 2018,0.138,0.756,0.107,"Bond has been set for National Security Council contractor Martese Edwards, who was arrested outside the White Hous‚Ä¶ https://t.co/mujt59MqSz",89,CNN
289,-0.296,Fri Jun 08 20:31:00 +0000 2018,0.217,0.664,0.119,"Krill are critical to the fight against climate change: These tiny creatures help capture carbon dioxide, offsettin‚Ä¶ https://t.co/iJc68S2Ws0",90,CNN
290,-0.4404,Fri Jun 08 20:26:06 +0000 2018,0.146,0.854,0.0,The Philadelphia Police Department has announced a new policy on handling trespassing calls after the arrests of tw‚Ä¶ https://t.co/vV3ZM8oHVb,91,CNN
291,0.0,Fri Jun 08 20:21:03 +0000 2018,0.0,1.0,0.0,Secretary of State Mike Pompeo reiterated US calls for North Korea to completely rid itself of all remnants of its‚Ä¶ https://t.co/kmwpJmGoZt,92,CNN
292,0.0,Fri Jun 08 20:16:00 +0000 2018,0.0,1.0,0.0,Watch these homes being built using a 3D printer https://t.co/igaBP4k4F8 https://t.co/Y608587isj,93,CNN
293,0.4767,Fri Jun 08 20:11:00 +0000 2018,0.0,0.853,0.147,"As family and friends watch at a distance, phones set to record, a man places a watermelon into an alligator's jaws‚Ä¶ https://t.co/K31KxdDFLq",94,CNN
294,-0.0516,Fri Jun 08 20:01:05 +0000 2018,0.101,0.808,0.091,"Carl Higbie, a top staffer at a non-profit group closely aligned with President Donald Trump, resigned his post thi‚Ä¶ https://t.co/LAZwpo4oqF",95,CNN
295,0.0,Fri Jun 08 19:51:07 +0000 2018,0.0,1.0,0.0,"Anthony Bourdain ""gave us a world that we didn't know we needed. He gave us stories of people we didn't know we lov‚Ä¶ https://t.co/Fz4P1hGpJx",96,CNN
296,0.0,Fri Jun 08 19:46:00 +0000 2018,0.0,1.0,0.0,"From delivery to aviation, Dubai is at the forefront of drone experimentation. Here's a look at what the future hol‚Ä¶ https://t.co/JhIzPa2ZSr",97,CNN
297,0.4939,Fri Jun 08 19:41:04 +0000 2018,0.0,0.849,0.151,"In honor of the 70th anniversary of Porsche's first car, here are stories behind the brand's best-loved designs‚Ä¶ https://t.co/CX6eRWJa2F",98,CNN
298,-0.6705,Fri Jun 08 19:36:04 +0000 2018,0.243,0.757,0.0,"A US service member was killed Friday in southern Somalia, according to US military officials‚Ä¶ https://t.co/cAoCFIfETc",99,CNN
299,0.3612,Fri Jun 08 19:31:00 +0000 2018,0.0,0.848,0.152,3D-printed concrete houses are coming to the Netherlands. Here's what they look like. https://t.co/uWmF4SVZCg https://t.co/GqaIuT0Vic,100,CNN
300,-0.6705,Sat Jun 09 07:15:00 +0000 2018,0.243,0.757,0.0,Virginia wildlife center takes in 2 black bear cubs after mother is killed by homeowner. https://t.co/9wmeUXZF6E,1,FoxNews
301,-0.7964,Sat Jun 09 07:02:00 +0000 2018,0.415,0.585,0.0,"Elderly woman, 90, assaulted in her sleep, police search for attacker. https://t.co/3dbhOnFQsx",2,FoxNews
302,-0.2263,Sat Jun 09 06:47:00 +0000 2018,0.119,0.881,0.0,California kite surfer narrowly misses humpback whale while riding waves near Golden Gate Bridge. https://t.co/m9UHsvNalZ,3,FoxNews
303,0.0,Sat Jun 09 06:31:01 +0000 2018,0.0,1.0,0.0,".@kimguilfoyle: ""The Democrats are out of talking points, but they're not out of gaffes."" #TheFive‚Ä¶ https://t.co/c45DYXOMOW",4,FoxNews
304,0.7351,Sat Jun 09 06:14:00 +0000 2018,0.0,0.763,0.237,".@POTUS: ""The power to pardon is a beautiful thing. You got to get it right, you got to get the right people.""‚Ä¶ https://t.co/FKu8KOXdbI",5,FoxNews
305,0.0,Sat Jun 09 06:02:00 +0000 2018,0.0,1.0,0.0,'Game of Thrones' prequel pilot reportedly ordered by HBO. https://t.co/CF0tw2rULa,6,FoxNews
306,-0.2732,Sat Jun 09 05:45:00 +0000 2018,0.259,0.741,0.0,Mueller files new charges against Manafort. https://t.co/QNkuqA3Ud8,7,FoxNews
307,-0.0422,Sat Jun 09 05:26:00 +0000 2018,0.115,0.776,0.109,".@POTUS at the G7 summit: ""The United States has had a very big trade deficit for many years with the European Unio‚Ä¶ https://t.co/T32Q4JY8u8",8,FoxNews
308,0.0,Sat Jun 09 05:14:00 +0000 2018,0.0,1.0,0.0,"New Jersey Trooper pulls over driver who helped deliver him 27 years ago. 
https://t.co/iGO91Qf6EE",9,FoxNews
309,-0.6705,Sat Jun 09 05:02:00 +0000 2018,0.333,0.667,0.0,"Florida woman reportedly dragged by alligator into pond confirmed dead, authorities say. https://t.co/TKQBVLOvP6",10,FoxNews
310,0.738,Sat Jun 09 04:46:00 +0000 2018,0.0,0.72,0.28,".@POTUS: ‚ÄúYou can not leak classified information. At the same time, we need freedom of the press.‚Äù https://t.co/zonzNQelY2",11,FoxNews
311,-0.0516,Sat Jun 09 04:31:00 +0000 2018,0.079,0.921,0.0,Multiple inquiries into use of force after seven Arizona officers are placed on leave. https://t.co/scIwVBpXXf,12,FoxNews
312,-0.5267,Sat Jun 09 04:15:00 +0000 2018,0.207,0.793,0.0,.@MarcThiessen: Obama took lying to new heights with the Iran deal. (via @FoxNewsOpinion) https://t.co/4acHiGr1Qq,13,FoxNews
313,-0.8225,Sat Jun 09 04:05:59 +0000 2018,0.559,0.441,0.0,"1 US soldier killed, 4 wounded in Somalia attack. https://t.co/rUNGe9pHb2",14,FoxNews
314,-0.6597,Sat Jun 09 04:03:00 +0000 2018,0.293,0.707,0.0,"Indiana high school teacher claims he was forced to resign because of transgender policy.
https://t.co/OPZDu65iWo",15,FoxNews
315,0.4404,Sat Jun 09 03:51:04 +0000 2018,0.0,0.847,0.153,JUST IN: Golden State @Warriors sweep the @Cavs for their 3rd @NBA championship title in 4 years.‚Ä¶ https://t.co/6hGH0s10WA,16,FoxNews
316,-0.5574,Sat Jun 09 03:46:00 +0000 2018,0.175,0.825,0.0,"Philly mayor dances after sanctuary city ruling, despite past crimes in the city tied to illegal immigrants. https://t.co/93PXsH2eTX",17,FoxNews
317,0.5859,Sat Jun 09 03:01:00 +0000 2018,0.0,0.808,0.192,Will Justify win the Triple Crown? Meet the undefeated colt that could become a horse racing legend. https://t.co/HPfg2KQNTl,18,FoxNews
318,0.6124,Sat Jun 09 02:55:53 +0000 2018,0.09,0.672,0.239,"Lou Holtz on Trump, NFL feud: ""Let's not use sports in order to promote a cause. We're there to win a championship,‚Ä¶ https://t.co/GrBNTEZV38",19,FoxNews
319,0.0,Sat Jun 09 02:51:55 +0000 2018,0.0,1.0,0.0,"Lou Holtz on @Eagles controversy: ""The locker room belongs to the players of the @NFL. They can say anything they w‚Ä¶ https://t.co/LnZMUhci6r",20,FoxNews
320,0.2285,Sat Jun 09 02:40:38 +0000 2018,0.057,0.8,0.142,".@michaelmalice on NK meeting: ""It doesn't really matter in a sense what's agreed to. What matters is, how can we t‚Ä¶ https://t.co/0nkipN8v1R",21,FoxNews
321,0.0,Sat Jun 09 02:37:30 +0000 2018,0.0,1.0,0.0,"Michael Pillsbury: ""[@POTUS has] previewed his approach to trade and to summits, that he wants to get all the playe‚Ä¶ https://t.co/qw52p4v7jx",22,FoxNews
322,0.0,Sat Jun 09 02:32:05 +0000 2018,0.0,1.0,0.0,'Game of Thrones' prequel pilot reportedly ordered by HBO https://t.co/nQtXTriwJm,23,FoxNews
323,0.0,Sat Jun 09 02:23:54 +0000 2018,0.0,1.0,0.0,".@POTUS ahead of G7 summit: ""We have massive trade deficits with almost every country. We will straighten that out.‚Ä¶ https://t.co/ds9Bv7Mhae",24,FoxNews
324,0.34,Sat Jun 09 02:08:18 +0000 2018,0.0,0.882,0.118,".@USCG Cutter Thetis crewmembers offloaded more than a ton of marijuana, with a street value of about $2 million, a‚Ä¶ https://t.co/HT80cC2VJm",25,FoxNews
325,-0.4939,Sat Jun 09 01:57:58 +0000 2018,0.244,0.756,0.0,"Democratic senators accuse @POTUS of possible leak, call for investigation into jobs report tweet. https://t.co/4ugTykbylS",26,FoxNews
326,0.0,Sat Jun 09 01:46:33 +0000 2018,0.0,1.0,0.0,".@Mark_Penn on the Mueller probe: ""I think our Constitution is being stepped on."" #Hannity https://t.co/Puf44fEaAQ",27,FoxNews
327,-0.128,Sat Jun 09 01:35:42 +0000 2018,0.214,0.611,0.176,.@POTUS says he'll ask protesting athletes for pardon referrals. https://t.co/MgQh249zkk,28,FoxNews
328,0.3182,Sat Jun 09 01:28:52 +0000 2018,0.0,0.874,0.126,".@JudgeJeanine on the upcoming @justiceoig report on the Clinton investigation: ""Look here's the truth, the inspect‚Ä¶ https://t.co/uQlLjeQmnj",29,FoxNews
329,0.0,Sat Jun 09 01:25:09 +0000 2018,0.0,1.0,0.0,".@LouDobbs: ""The president has communicated this week in his body language, his words, his actions, just how on top‚Ä¶ https://t.co/j7LlcfMw6s",30,FoxNews
330,-0.5423,Sat Jun 09 01:19:39 +0000 2018,0.273,0.727,0.0,Florida man who allegedly opened fire at a Trump resort is hit with charges. https://t.co/031efFbVeq,31,FoxNews
331,-0.6249,Sat Jun 09 01:13:04 +0000 2018,0.255,0.745,0.0,".@SeanHannity: ""President @BarackObama left Trump with unfettered international disaster after disaster."" #Hannity https://t.co/LlEF1vjut1",32,FoxNews
332,-0.7579,Sat Jun 09 01:01:12 +0000 2018,0.346,0.576,0.078,"When deputies arrested a suspected auto thief Friday, they were surprised to find a tiny accomplice riding with him‚Ä¶ https://t.co/L5FLkFdMY7",33,FoxNews
333,-0.5106,Sat Jun 09 00:51:34 +0000 2018,0.171,0.829,0.0,South Carolina man fills in for his sick twin on school picture day: 'Nobody ever noticed' https://t.co/ceOhkYHYxs,34,FoxNews
334,0.5719,Sat Jun 09 00:46:18 +0000 2018,0.0,0.654,0.346,"North Korea's leadership loves iPhones, report says https://t.co/DwrWutbm1X",35,FoxNews
335,-0.6249,Sat Jun 09 00:33:41 +0000 2018,0.298,0.702,0.0,Ali Watkins' past tweets come back to haunt NYT reporter amid leak case https://t.co/j0DFBzmE0v,36,FoxNews
336,-0.6705,Sat Jun 09 00:27:02 +0000 2018,0.333,0.667,0.0,"Florida woman reportedly dragged by alligator into pond confirmed dead, authorities say https://t.co/55tbQwMORS",37,FoxNews
337,-0.2235,Sat Jun 09 00:23:43 +0000 2018,0.112,0.888,0.0,".@JumaaneWilliams on sanctuary city debate: ""Human beings, whether they're citizens or not citizens, commit crimes.‚Ä¶ https://t.co/1Ek6euWxeV",38,FoxNews
338,0.3818,Sat Jun 09 00:17:35 +0000 2018,0.0,0.88,0.12,".@POTUS: ""I'm a big, big believer in freedom of the press, but I'm also a believer in classified information has to‚Ä¶ https://t.co/tOicEbQOZD",39,FoxNews
339,0.0,Sat Jun 09 00:15:07 +0000 2018,0.0,1.0,0.0,"RT @FoxNewsResearch: G7 Members:
‚Äî2018 GDP Estimates‚Äî
üá∫üá∏United States: $20.4 trillion
üáØüáµJapan: $5.2 trillion
üá©üá™Germany: $4.2 trillion
üá´üá∑Fra‚Ä¶",40,FoxNews
340,0.0,Sat Jun 09 00:14:23 +0000 2018,0.0,1.0,0.0,RT @FoxBusiness: Markets today: https://t.co/PYZM95vLxS https://t.co/eweDd4EvcS,41,FoxNews
341,0.0,Sat Jun 09 00:10:13 +0000 2018,0.0,1.0,0.0,.@thekatvond says she won't vaccinate her baby https://t.co/gWPIRRQ18f,42,FoxNews
342,-0.0516,Sat Jun 09 00:06:47 +0000 2018,0.079,0.921,0.0,Multiple inquiries into use of force after seven Arizona officers are placed on leave https://t.co/dCEUIX7MOS,43,FoxNews
343,0.0,Sat Jun 09 00:02:48 +0000 2018,0.0,1.0,0.0,"Earlier, @VP Mike Pence visited @WRBethesda to spend time with recovering veterans. #ProudAmerican https://t.co/XLIjleckgO",44,FoxNews
344,-0.5859,Fri Jun 08 23:55:21 +0000 2018,0.255,0.745,0.0,.@RCamposDuffy Rips @NancyPelosi's New Economic Criticism: 'Get Out of Your Penthouse' and Visit 'Forgotten America‚Ä¶ https://t.co/4Xo3kCSoqW,45,FoxNews
345,0.2263,Fri Jun 08 23:52:12 +0000 2018,0.0,0.759,0.241,".@POTUS: ""@MittRomney is a straight shooter."" https://t.co/FtXsikIvlB https://t.co/BMzHI8qk3I",46,FoxNews
346,-0.8957,Fri Jun 08 23:49:24 +0000 2018,0.541,0.459,0.0,"Sister of ex-NBA star Kevin Garnett arrested on attempted robbery, bomb threat charges.
https://t.co/ToJ8JSmMlh",47,FoxNews
347,-0.7845,Fri Jun 08 23:47:08 +0000 2018,0.301,0.699,0.0,".@RiccioLaw, attorney for two men falsely accused of rape: ""This does a tremendous disservice [for the #MeToo movem‚Ä¶ https://t.co/tagFsGhobm",48,FoxNews
348,-0.7184,Fri Jun 08 23:38:48 +0000 2018,0.462,0.538,0.0,Ancient crucifixion victim offers insight into Jesus‚Äô death. https://t.co/DhG1oceLwf,49,FoxNews
349,-0.0516,Fri Jun 08 23:30:10 +0000 2018,0.079,0.921,0.0,Multiple inquiries into use of force after seven Arizona officers are placed on leave. https://t.co/fNvdQP0cQw,50,FoxNews
350,-0.3612,Fri Jun 08 23:27:11 +0000 2018,0.128,0.872,0.0,".@JMfreespeech on the leaking case: ""As a journalist, we all have to be suspicious of the government's motives.""‚Ä¶ https://t.co/G0VUb42Ign",51,FoxNews
351,0.0,Fri Jun 08 23:23:52 +0000 2018,0.0,1.0,0.0,".@AndrewCMcCarthy: ""The leaking of classified information has been outrageous."" #TheStory https://t.co/wGlixBHcip",52,FoxNews
352,-0.6705,Fri Jun 08 23:22:08 +0000 2018,0.333,0.667,0.0,"Florida woman reportedly dragged by alligator into pond confirmed dead, authorities say. https://t.co/TKQBVLwUXy",53,FoxNews
353,-0.2263,Fri Jun 08 23:17:42 +0000 2018,0.102,0.837,0.06,".@TomRtweets on Russia: ""There is no rational excuse for them being part of the G7 at the moment."" #TheStory https://t.co/5x9x4e9mnw",54,FoxNews
354,0.4767,Fri Jun 08 23:12:49 +0000 2018,0.0,0.866,0.134,".@karlrove on @POTUS' comments on bringing Russia back into the G7: ""I'd rather run the world with our friends than‚Ä¶ https://t.co/wzT2y6q7mh",55,FoxNews
355,-0.2263,Fri Jun 08 22:56:34 +0000 2018,0.119,0.881,0.0,California kite surfer narrowly misses humpback whale while riding waves near Golden Gate Bridge https://t.co/Gdw89nAB13,56,FoxNews
356,0.0,Fri Jun 08 22:49:08 +0000 2018,0.0,1.0,0.0,"Charles Lane on G7 summit: ""I think what these other countries find so baffling...[@POTUS] is setting up a situatio‚Ä¶ https://t.co/2HCZikP403",57,FoxNews
357,0.6808,Fri Jun 08 22:44:29 +0000 2018,0.0,0.763,0.237,".@ByronYork on G7 summit: ""[@POTUS'] theme is always that other countries are taking advantage of the big, rich Uni‚Ä¶ https://t.co/l66Pu9elxD",58,FoxNews
358,0.4391,Fri Jun 08 22:40:26 +0000 2018,0.0,0.868,0.132,".@ByronYork on G7 summit: ""[@POTUS] seems totally focused on North Korea. He's going to Canada late, he's leaving e‚Ä¶ https://t.co/oHXfQuzaaA",59,FoxNews
359,-0.2023,Fri Jun 08 22:37:20 +0000 2018,0.114,0.886,0.0,World's oldest animal footprints discovered - revealing strange burrowing creature that lived 550M years ago https://t.co/yV413WVHjb,60,FoxNews
360,0.765,Fri Jun 08 22:31:00 +0000 2018,0.0,0.645,0.355,"OPINION: @realDonaldTrump prepares for North Korea summit as a great performer -- like Reagan  
 https://t.co/6ZC5mdyETU",61,FoxNews
361,-0.2023,Fri Jun 08 22:27:00 +0000 2018,0.177,0.696,0.127,.@KimKardashian denies she's become Trump pawn after Alice Marie Johnson granted clemency https://t.co/tlnnAXAVnC,62,FoxNews
362,0.5379,Fri Jun 08 22:26:03 +0000 2018,0.0,0.83,0.17,".@POTUS on G7 summit: ""We had a very, very good meeting on NAFTA with @JustinTrudeau and his representatives.""‚Ä¶ https://t.co/oXT5dKPbGU",63,FoxNews
363,0.0,Fri Jun 08 22:21:55 +0000 2018,0.0,1.0,0.0,"'Roseanne' cancellation was a right move for ABC, says former producer https://t.co/aUM44HFiqo",64,FoxNews
364,-0.0422,Fri Jun 08 22:16:12 +0000 2018,0.13,0.747,0.123,"President @realDonaldTrump: ""The United States has had a very big trade deficit for many years with the European Un‚Ä¶ https://t.co/DoxPmBq7Fd",65,FoxNews
365,0.0,Fri Jun 08 22:10:49 +0000 2018,0.0,1.0,0.0,New Jersey Trooper pulls over driver who helped deliver him 27 years ago https://t.co/zvRUBuCBNU,66,FoxNews
366,0.5859,Fri Jun 08 22:07:01 +0000 2018,0.0,0.678,0.322,.@MittRomney predicts a @realDonaldTrump win in 2020. #SpecialReport https://t.co/FtXsikIvlB https://t.co/cBlIaz2sMS,67,FoxNews
367,-0.4939,Fri Jun 08 22:04:55 +0000 2018,0.244,0.756,0.0,"Democratic senators accuse Trump of possible leak, call for investigation into jobs report tweet https://t.co/th2LBTdhT4",68,FoxNews
368,0.0,Fri Jun 08 22:04:00 +0000 2018,0.0,1.0,0.0,OPINION: Justify is the story at the Belmont Stakes https://t.co/9jnbegFdbQ,69,FoxNews
369,0.0,Fri Jun 08 22:00:44 +0000 2018,0.0,1.0,0.0,.@Tesla employee spotted slumped over in moving Model S. https://t.co/t2J0N6fyR8,70,FoxNews
370,0.0,Fri Jun 08 21:54:00 +0000 2018,0.0,1.0,0.0,"OPINION: The G7 should listen to Trump or go away.
https://t.co/XNrBhmRyPQ",71,FoxNews
371,0.4588,Fri Jun 08 21:51:00 +0000 2018,0.139,0.567,0.294,"Amid Christian complaints for aid in Iraq, @VP Pence promises quick relief action. https://t.co/z6EDOq6WiA",72,FoxNews
372,0.0772,Fri Jun 08 21:45:40 +0000 2018,0.0,0.909,0.091,'You Used to Be Pals': Ingraham Challenges Jesse Jackson on Opposition to Trump. https://t.co/3qrdOwR3kO,73,FoxNews
373,-0.6705,Fri Jun 08 21:42:00 +0000 2018,0.243,0.757,0.0,Virginia wildlife center takes in 2 black bear cubs after mother is killed by homeowner. https://t.co/9wmeUXI4f6,74,FoxNews
374,0.4767,Fri Jun 08 21:39:36 +0000 2018,0.0,0.728,0.272,".@POTUS signals willingness to back bill easing pot regulation, according to a report. https://t.co/NVuoXc7vk5",75,FoxNews
375,0.7351,Fri Jun 08 21:35:38 +0000 2018,0.0,0.763,0.237,".@POTUS: ""The power to pardon is a beautiful thing. You got to get it right, you got to get the right people.""‚Ä¶ https://t.co/DvDmxp1bFM",76,FoxNews
376,0.0,Fri Jun 08 21:25:19 +0000 2018,0.0,1.0,0.0,".@kimguilfoyle: ""The Democrats are out of talking points, but they're not out of gaffes."" #TheFive‚Ä¶ https://t.co/9oS95zprPy",77,FoxNews
377,0.4215,Fri Jun 08 21:20:32 +0000 2018,0.0,0.811,0.189,".@POTUS on trade negotiations with Canada: ""We've made a lot of progress today."" https://t.co/WtiUwDHqGI",78,FoxNews
378,0.5267,Fri Jun 08 21:11:51 +0000 2018,0.0,0.779,0.221,The Washington @Capitals return home after winning the team's first #StanleyCup. https://t.co/Dmwa8Y8VBh https://t.co/so89OXn9Yz,79,FoxNews
379,0.4019,Fri Jun 08 21:10:25 +0000 2018,0.0,0.876,0.124,"Ahead of the G7 summit, @POTUS slammed Canada's trade policies with the U.S., saying ""they treat us very unfairly.""‚Ä¶ https://t.co/I68IFUycXt",80,FoxNews
380,0.0,Fri Jun 08 21:04:34 +0000 2018,0.0,1.0,0.0,.@POTUS participates in bilateral meeting with Canadian Prime Minister @JustinTrudeau. https://t.co/RICoO1dLwZ https://t.co/oRXNIaCs0J,81,FoxNews
381,0.5859,Fri Jun 08 20:55:11 +0000 2018,0.0,0.808,0.192,Will Justify win the Triple Crown? Meet the undefeated colt that could become a horse racing legend https://t.co/oRxvUsUIIM,82,FoxNews
382,0.296,Fri Jun 08 20:50:23 +0000 2018,0.0,0.784,0.216,Presidential pardons after 18 months in office. @TeamCavuto https://t.co/IdzlhTKrDW,83,FoxNews
383,0.743,Fri Jun 08 20:48:33 +0000 2018,0.082,0.588,0.329,"Anja Manuel: ""Everyone needs friends, including a powerful country like the U.S. So when we have disputes with our‚Ä¶ https://t.co/p3BxHyY8fV",84,FoxNews
384,0.0,Fri Jun 08 20:28:46 +0000 2018,0.0,1.0,0.0,Attorney General Jeff Sessions delivers remarks at the 2018 Western Conservative Summit.  (Courtesy: KDVR) https://t.co/SOhsyyWZlG,85,FoxNews
385,0.0,Fri Jun 08 20:18:49 +0000 2018,0.0,1.0,0.0,"Anja Manuel on G7 summit: ""We should be working with our allies, especially the Europeans and Canadians...rather th‚Ä¶ https://t.co/r7UYb0rns9",86,FoxNews
386,-0.2263,Fri Jun 08 20:13:13 +0000 2018,0.087,0.913,0.0,Protesters are hitting the streets of Quebec City as world leaders meet for the G7 Summit. @RickLeventhal has the s‚Ä¶ https://t.co/2WDzeSP5mR,87,FoxNews
387,0.0,Fri Jun 08 20:11:52 +0000 2018,0.0,1.0,0.0,"RT @FoxBusiness: AT THE CLOSE: The Dow Jones Industrial Average closed the day up 73 points, finishing in the green for the third straight‚Ä¶",88,FoxNews
388,0.0,Fri Jun 08 20:11:33 +0000 2018,0.0,1.0,0.0,".@POTUS kicks off G-7 summit with dings at Canada, Europe over trade policies. @kevincorke has the story.‚Ä¶ https://t.co/GvfLQHbqIj",89,FoxNews
389,0.3802,Fri Jun 08 20:08:21 +0000 2018,0.0,0.844,0.156,Farm find! Huge hoard of Dodge and Plymouth cars and trucks heading to auction https://t.co/Sgo0U0rLl3,90,FoxNews
390,-0.2263,Fri Jun 08 19:57:48 +0000 2018,0.293,0.707,0.0,Dairy farmers hit hard by declining milk demand. https://t.co/Vaj83LA8dR,91,FoxNews
391,-0.6486,Fri Jun 08 19:52:13 +0000 2018,0.323,0.677,0.0,Florida wildlife officials find 2 dead dolphins over 24-hour period. https://t.co/VCzsA6itxq,92,FoxNews
392,-0.3109,Fri Jun 08 19:50:39 +0000 2018,0.209,0.646,0.146,RT @FoxBusiness: RECALL ALERT: Kia is recalling about half a million vehicles in the U.S. https://t.co/FG1dqnbwjN,93,FoxNews
393,0.3818,Fri Jun 08 19:46:13 +0000 2018,0.0,0.88,0.12,".@POTUS: ""I'm a big, big believer in freedom of the press, but I'm also a believer in classified information has to‚Ä¶ https://t.co/kStBoEC5yX",94,FoxNews
394,0.0,Fri Jun 08 19:42:24 +0000 2018,0.0,1.0,0.0,".@POTUS on North Korea Summit: One-Week Preparations 'Don't Work, Just Ask Hillary' About the Debates  https://t.co/O2rXfdItVp",95,FoxNews
395,0.0,Fri Jun 08 19:31:14 +0000 2018,0.0,1.0,0.0,.@POTUS and other participating politicians at the G7 summit stand outside the Hotel Fairmont Le Manoir in Quebec.‚Ä¶ https://t.co/lH5jZ5jBev,96,FoxNews
396,0.0,Fri Jun 08 19:29:05 +0000 2018,0.0,1.0,0.0,.@facebook slammed ahead of @sherylsandberg's @MIT commencement address https://t.co/7P0DD6fMh9,97,FoxNews
397,0.2023,Fri Jun 08 19:22:56 +0000 2018,0.0,0.899,0.101,"OPINION: Suicides of Anthony Bourdain, Kate Spade ‚Äì and my brother ‚Äì can teach us important life lessons https://t.co/0tydJlWvvs",98,FoxNews
398,0.0,Fri Jun 08 19:20:00 +0000 2018,0.0,1.0,0.0,What is the G7 summit? An explainer: https://t.co/mnMCQk8Zk9,99,FoxNews
399,0.5719,Fri Jun 08 19:16:25 +0000 2018,0.0,0.802,0.198,"Earlier, @dennisrodman said he is looking forward to President @realDonaldTrump's ""historic success"" at the Singapo‚Ä¶ https://t.co/wZlN1sBs4M",100,FoxNews
400,0.8097,Sat Jun 09 07:25:53 +0000 2018,0.0,0.706,0.294,RT @nytopinion: This weekend we are sharing some pieces on music. Think of it as a little inspiration to appreciate the soundtrack of your‚Ä¶,1,nytimes
401,0.0,Sat Jun 09 07:09:23 +0000 2018,0.0,1.0,0.0,"RT @nytimesbusiness: HBO is making a pilot for one of the five ""Game of Thrones"" prequels it has in development https://t.co/EMeqQvEdHQ",2,nytimes
402,-0.25,Sat Jun 09 06:52:51 +0000 2018,0.232,0.595,0.173,"Taliban Announce Brief Cease-Fire, Offering Afghans Hope for Lull in War https://t.co/IlMkkFHSCM",3,nytimes
403,0.7184,Sat Jun 09 06:41:20 +0000 2018,0.077,0.662,0.261,"RT @NYTMetro: Underneath the umbrella: a fascinating photo portfolio of the lifeguards of Jones Beach, in all their stoic, bored, heroic gl‚Ä¶",4,nytimes
404,0.0,Sat Jun 09 06:24:54 +0000 2018,0.0,1.0,0.0,"China‚Äôs ZTE‚Äî a little-known electronics maker‚Äî became an unlikely political football, then an even unlikelier objec‚Ä¶ https://t.co/APxvWFepXB",5,nytimes
405,0.357,Sat Jun 09 06:06:12 +0000 2018,0.0,0.879,0.121,"Andrew Rannells: ""I didn't feel jealous; I felt driven. I wanted to be one of those people on the Tonys."" https://t.co/i3LX0WgQBb",6,nytimes
406,0.5859,Sat Jun 09 05:50:04 +0000 2018,0.0,0.743,0.257,Here's who we think will win the Tonys (and who should) https://t.co/ZlqqPQRtvt,7,nytimes
407,0.2732,Sat Jun 09 05:35:00 +0000 2018,0.168,0.584,0.248,Justice Dept. Requests Delay if DACA Injunction Is Issued https://t.co/HB7h98gENy,8,nytimes
408,0.0,Sat Jun 09 05:32:30 +0000 2018,0.0,1.0,0.0,"RT @nytpolitics: The president said that Melania Trump ‚Äúwanted to go‚Äù with him to the Group of 7 summit meeting in Quebec, but was staying‚Ä¶",9,nytimes
409,-0.2023,Sat Jun 09 05:00:08 +0000 2018,0.163,0.708,0.129,"50 years after his death, friends, aides and journalists recall Robert F. Kennedy's last campaign in California, hi‚Ä¶ https://t.co/bAveWEnYW5",10,nytimes
410,-0.34,Sat Jun 09 04:45:03 +0000 2018,0.107,0.893,0.0,"In Canada, many observers were calling it the ""G-6 plus 1"" ‚Äî with President Trump being cast as the irrational, ira‚Ä¶ https://t.co/AUbzhnVmGY",11,nytimes
411,-0.0387,Sat Jun 09 04:30:05 +0000 2018,0.052,0.948,0.0,"RT @kenvogel: MANAFORT paid KONSTANTIN KILIMNIK $531k in 2013 &amp; 2014, according to lobbying records, but that covers only a fraction of the‚Ä¶",12,nytimes
412,-0.5574,Sat Jun 09 04:15:04 +0000 2018,0.322,0.53,0.148,What should you do when a loved one is severely depressed? Don‚Äôt underestimate the power of showing up. https://t.co/yqRyXmSWiM,13,nytimes
413,0.1027,Sat Jun 09 04:06:01 +0000 2018,0.12,0.741,0.139,"""This should be a grave concern to anyone who cares about an informed citizenry,"" said Eileen Murphy, a spokeswoman‚Ä¶ https://t.co/iwMg5Ng7tl",14,nytimes
414,0.2263,Sat Jun 09 04:01:40 +0000 2018,0.0,0.905,0.095,RT @NYTSports: Kevin Durant has been named the MVP of the NBA finals for the second straight year. https://t.co/xSARJQ5MlN,15,nytimes
415,0.0,Sat Jun 09 03:54:22 +0000 2018,0.0,1.0,0.0,The U.S. just beat out China to develop the world‚Äôs fastest supercomputer. You‚Äôd need 6.3 billion years to match wh‚Ä¶ https://t.co/DMGoDUacwv,16,nytimes
416,-0.1027,Sat Jun 09 03:40:03 +0000 2018,0.065,0.935,0.0,"RT @SopanDeb: **NEW**: In a lengthy (and remarkable) interview with Kyrie Irving, he repeatedly questioned whether the Earth is flat or rou‚Ä¶",17,nytimes
417,0.5719,Sat Jun 09 03:29:11 +0000 2018,0.0,0.837,0.163,"Breaking News: The Golden State Warriors have won their third N.B.A. title in four years, sweeping LeBron James and‚Ä¶ https://t.co/jbvTIZsZrD",18,nytimes
418,0.3182,Sat Jun 09 03:26:27 +0000 2018,0.13,0.648,0.223,"At a moment of tumult over trade and nuclear security, President Trump is making friends with America‚Äôs enemies and‚Ä¶ https://t.co/JtgvrhRvJ6",19,nytimes
419,0.7906,Sat Jun 09 02:55:05 +0000 2018,0.045,0.682,0.273,"Discover an ""irony free zone where everything is beautiful and nothing hurts.""

What to watch, what to read and wha‚Ä¶ https://t.co/gMtAyyRjDD",20,nytimes
420,0.0,Sat Jun 09 02:36:05 +0000 2018,0.0,1.0,0.0,President Trump suggested the Group of 7 nations reinstate Russia 4 years after it was cast out for annexing Crimea https://t.co/ZQQDfGp5GN,21,nytimes
421,0.0,Sat Jun 09 02:24:01 +0000 2018,0.0,1.0,0.0,"RT @nytopinion: Anthony Bourdain exhorted us to open our eyes -- and our guts -- to the wondrous smorgasbord of life, and to savor every la‚Ä¶",22,nytimes
422,0.296,Sat Jun 09 02:08:01 +0000 2018,0.061,0.826,0.113,"Modern Love: ""I had found a strange liberation in submitting to Dan, but it was only a first step. I wanted the dom‚Ä¶ https://t.co/WHIRIHGpqQ",23,nytimes
423,0.0,Sat Jun 09 01:56:23 +0000 2018,0.0,1.0,0.0,"During this season‚Äôs playoffs, LeBron James has accounted for nearly a third of the box-score statistics for the Ca‚Ä¶ https://t.co/bugUyF7TK4",24,nytimes
424,0.0,Sat Jun 09 01:53:49 +0000 2018,0.098,0.804,0.098,No one in the NBA has come close to LeBron James's share of a team‚Äôs production for over 40 years https://t.co/YqE8zZiiWg,25,nytimes
425,0.0772,Sat Jun 09 01:49:04 +0000 2018,0.0,0.929,0.071,Kyrie Irving Doesn‚Äôt Know if the Earth Is Round or Flat. He Does Want to Discuss It. https://t.co/1ET48Grban,26,nytimes
426,0.0,Sat Jun 09 01:34:11 +0000 2018,0.0,1.0,0.0,"LIVE: The Golden State Warriors vs. the Cleveland Cavaliers 

Game 4 updates and analysis https://t.co/3DmQOo5lNw",27,nytimes
427,0.0,Sat Jun 09 01:23:06 +0000 2018,0.0,1.0,0.0,"Opinion: If There‚Äôs a Red Wave Election in 2018, This Will Be Why https://t.co/B0Nmgi1kdN",28,nytimes
428,0.0,Sat Jun 09 01:04:27 +0000 2018,0.0,1.0,0.0,Opinion: Anthony Bourdain Was the Kind of ‚ÄòBad Boy‚Äô We Need More Of https://t.co/S8JhWFX9Jw,29,nytimes
429,-0.2732,Sat Jun 09 00:50:49 +0000 2018,0.174,0.826,0.0,Trump‚Äôs New Plan to Dismantle Obamacare Comes With Political Risks https://t.co/Ju2Fw08xUY,30,nytimes
430,-0.3818,Sat Jun 09 00:36:17 +0000 2018,0.224,0.776,0.0,Press Groups Criticize the Seizing of a Times Reporter‚Äôs Records https://t.co/Sqp3BXEBVB,31,nytimes
431,-0.128,Sat Jun 09 00:25:28 +0000 2018,0.067,0.933,0.0,"RT @nytfood: ""Anthony Bourdain entered the literary stage with an inside tip, delivered in the gruff whisper of a racetrack tout: Don‚Äôt ord‚Ä¶",32,nytimes
432,0.0,Sat Jun 09 00:05:29 +0000 2018,0.0,1.0,0.0,"2 years ago, we asked Anthony Bourdain to answer a series of questions. He sketched his answers. https://t.co/zP0AIJ1Ce9",33,nytimes
433,0.0,Fri Jun 08 23:49:01 +0000 2018,0.0,1.0,0.0,"About New York: Decades Ago, New York Dug a Moat Around Its Specialized Schools https://t.co/8jOa3pfI75",34,nytimes
434,-0.6124,Fri Jun 08 23:48:34 +0000 2018,0.261,0.625,0.114,"Anthony Bourdain‚Äôs death prompted an outpouring of grief and tributes from friends and fans. ""He taught us about fo‚Ä¶ https://t.co/JFW4Jh3jO2",35,nytimes
435,0.1027,Fri Jun 08 23:32:28 +0000 2018,0.196,0.58,0.225,"Before the Smiles, Mounting Tensions Between Trudeau and Trump https://t.co/9XH9FvtZn0",36,nytimes
436,0.0,Fri Jun 08 23:30:09 +0000 2018,0.0,1.0,0.0,"The first man in a female ensemble at a major ballet company is gender fluid. Still, he had to remake his body to m‚Ä¶ https://t.co/xlEQPUqEMn",37,nytimes
437,-0.4215,Fri Jun 08 23:17:20 +0000 2018,0.219,0.781,0.0,Judge Denies Trump‚Äôs Secrecy Claim in Review of Cohen Documents https://t.co/cmqMq2loiu,38,nytimes
438,0.0,Fri Jun 08 23:15:05 +0000 2018,0.0,1.0,0.0,Evening Briefing: Here's what you need to know at the end of the day https://t.co/8y2X6OzAun,39,nytimes
439,-0.6249,Fri Jun 08 23:14:44 +0000 2018,0.338,0.662,0.0,"At Gaza Protests: Kites, Drones, Gas, Guns and the Occasional Bomb https://t.co/cp6xnR0K9p",40,nytimes
440,0.0,Fri Jun 08 23:00:35 +0000 2018,0.0,1.0,0.0,"To Conduct Its Parks Concerts, the Philharmonic Taps a Rising Star https://t.co/eGDvYlMHpo",41,nytimes
441,0.6249,Fri Jun 08 23:00:07 +0000 2018,0.0,0.769,0.231,"A Russian oligarch‚Äôs $500 million yacht has 9 decks, 2 heliports and a pool. It‚Äôs also the top prize in Britain‚Äôs c‚Ä¶ https://t.co/mCLj8f8oVH",42,nytimes
442,-0.128,Fri Jun 08 22:46:06 +0000 2018,0.137,0.747,0.116,The powerful conservative donor couple you‚Äôve never heard of: Liz and Dick Uihlein are spending millions to shape a‚Ä¶ https://t.co/FH10BFfcNd,43,nytimes
443,0.0,Fri Jun 08 22:31:08 +0000 2018,0.0,1.0,0.0,"American Muslims say they own guns for the same reasons as anyone else: for protection, for hunting, or for their w‚Ä¶ https://t.co/kWeSU92P71",44,nytimes
444,-0.4588,Fri Jun 08 22:22:03 +0000 2018,0.158,0.842,0.0,"RT @EnnisNYT: Following acknowledged ""missteps"" that left staffers ""disrespected and uncomfortable,"" John Lasseter, co-founder of Pixar, wi‚Ä¶",45,nytimes
445,0.0,Fri Jun 08 22:16:07 +0000 2018,0.0,1.0,0.0,KFC is testing out a new recipe in Britain that ditches its most famous ingredient: chicken https://t.co/dW0kCZTAcn,46,nytimes
446,0.0,Fri Jun 08 22:01:03 +0000 2018,0.0,1.0,0.0,"Anthony Bourdain‚Äôs TV series understood that food is geographical, economic and political, @poniewozik writes https://t.co/7uUA89uHe5",47,nytimes
447,0.5859,Fri Jun 08 21:46:05 +0000 2018,0.071,0.714,0.214,She may already be the best high school runner ever. Now comes the hard part. https://t.co/2vwVW9afJb,48,nytimes
448,0.0,Fri Jun 08 21:31:03 +0000 2018,0.0,1.0,0.0,"If LeBron James wants to beat the Warriors, he may need to take a page out of Kevin Durant‚Äôs playbook and find a te‚Ä¶ https://t.co/GWmgYLBgT7",49,nytimes
449,0.3612,Fri Jun 08 21:16:01 +0000 2018,0.0,0.898,0.102,"At once a work of social realism and a parable, En El S√©ptimo D√≠a manages to feel natural as it ratchets with the m‚Ä¶ https://t.co/W7IQ62wxjp",50,nytimes
450,0.5859,Fri Jun 08 21:01:06 +0000 2018,0.0,0.853,0.147,RT @NYTSports: Who will win the vote for 2026 World Cup bid? It's Morocco vs. North America. Our vote tracker is live: https://t.co/iNoFwYW‚Ä¶,51,nytimes
451,0.0,Fri Jun 08 20:46:03 +0000 2018,0.0,1.0,0.0,"Suicides may beget other suicides, researchers have found, but only among those already contemplating taking their‚Ä¶ https://t.co/BXl3v7e9uT",52,nytimes
452,0.296,Fri Jun 08 20:31:07 +0000 2018,0.061,0.826,0.113,"Modern Love: ""I had found a strange liberation in submitting to Dan, but it was only a first step. I wanted the dom‚Ä¶ https://t.co/CEIRQKXki6",53,nytimes
453,0.4767,Fri Jun 08 20:15:11 +0000 2018,0.0,0.846,0.154,RT @TimHerrera: Winners are just people who know when to quit ‚Äî and do it often https://t.co/qpG6mTOsKK by @superLEE7,54,nytimes
454,0.8555,Fri Jun 08 20:07:39 +0000 2018,0.0,0.539,0.461,"La Malbaie, a Quebec resort town, hopes the Group of 7 will revive a glorious past https://t.co/BoGex42m28",55,nytimes
455,0.0,Fri Jun 08 19:46:01 +0000 2018,0.0,1.0,0.0,"""Anthony Bourdain entered the literary stage with an inside tip, delivered in the gruff whisper of a racetrack tout‚Ä¶ https://t.co/jxhEwJEE6a",56,nytimes
456,0.6369,Fri Jun 08 19:31:04 +0000 2018,0.0,0.785,0.215,"Why corporate tax incentives are good for politicians who lure sports teams and companies, even if they can be terr‚Ä¶ https://t.co/duCDBHzJR7",57,nytimes
457,0.0,Fri Jun 08 19:20:35 +0000 2018,0.0,1.0,0.0,The U.S. just beat out China to develop the world‚Äôs fastest supercomputer. You‚Äôd need 6.3 billion years to match wh‚Ä¶ https://t.co/T19sWYnXBR,58,nytimes
458,0.0,Fri Jun 08 19:16:04 +0000 2018,0.0,1.0,0.0,"RT @nytfood: This morning‚Äôs NYT Cooking newsletter from @SamSifton: a tribute to Anthony Bourdain, a giant of food journalism https://t.co/‚Ä¶",59,nytimes
459,0.7717,Fri Jun 08 19:01:47 +0000 2018,0.0,0.642,0.358,What love looks like over the course of one day in New York https://t.co/8pJm5MnAU2,60,nytimes
460,0.4019,Fri Jun 08 18:46:04 +0000 2018,0.0,0.863,0.137,Trump said he would likely support a legislative proposal that would let states decide whether to legalize marijuana https://t.co/zwu2xJfm2a,61,nytimes
461,0.0,Fri Jun 08 18:31:02 +0000 2018,0.0,1.0,0.0,RT @FrankBruni: Anthony Bourdain exhorted us to savor every last morsel from the smorgasbord of life. In his memory we should do just that.‚Ä¶,62,nytimes
462,-0.2732,Fri Jun 08 18:22:18 +0000 2018,0.11,0.89,0.0,"Breaking News: Paul Manafort, the former Trump campaign chairman, faces new obstruction charges in the Russia case.‚Ä¶ https://t.co/mKJ3zkUyVE",63,nytimes
463,0.5719,Fri Jun 08 18:16:04 +0000 2018,0.0,0.761,0.239,"Boris Johnson, Britain‚Äôs top diplomat, suggested President Trump would do a better job negotiating Brexit than Tere‚Ä¶ https://t.co/D0Zk40CvHK",64,nytimes
464,-0.6124,Fri Jun 08 18:01:06 +0000 2018,0.271,0.611,0.118,"Anthony Bourdain‚Äôs death prompted an outpouring of grief and tributes from friends and fans. ""He brought the world‚Ä¶ https://t.co/8KPrY5Jcub",65,nytimes
465,-0.875,Fri Jun 08 17:47:47 +0000 2018,0.321,0.679,0.0,"If you or someone else you know is having thoughts of suicide, call the National Suicide Prevention Lifeline at 1-8‚Ä¶ https://t.co/8O0weidp1A",66,nytimes
466,-0.6705,Fri Jun 08 17:46:06 +0000 2018,0.164,0.836,0.0,"Suicide rates rose steadily in nearly every state in the U.S. from 1999 to 2016, often by as much as 30 percent, th‚Ä¶ https://t.co/clQkNmFV1u",67,nytimes
467,-0.0516,Fri Jun 08 17:31:06 +0000 2018,0.107,0.794,0.098,Trump‚Äôs surprise call to reinstate Russia in the Group of 7 nations further stirred tension with America‚Äôs allies o‚Ä¶ https://t.co/we8fzXQv2g,68,nytimes
468,0.0,Fri Jun 08 17:16:06 +0000 2018,0.0,1.0,0.0,The U.S. just beat out China to develop the world‚Äôs fastest supercomputer. You‚Äôd need 63 billion years to match wha‚Ä¶ https://t.co/Rf0IgLg6KN,69,nytimes
469,0.0772,Fri Jun 08 17:01:03 +0000 2018,0.0,0.936,0.064,"In November 2017, @nytimesbooks asked Anthony Bourdain who he'd want to write his life story. His response? ""I alre‚Ä¶ https://t.co/TZENXm0hcq",70,nytimes
470,-0.5994,Fri Jun 08 16:48:29 +0000 2018,0.206,0.794,0.0,Hear the story of the life and death of Nook in a new Times audio series: https://t.co/0HH8y791t0,71,nytimes
471,-0.8442,Fri Jun 08 16:40:43 +0000 2018,0.31,0.69,0.0,"He was killed a year and a half after Freddie Gray, who died from injuries sustained while in police custody. 

The‚Ä¶ https://t.co/YylSGceGRg",72,nytimes
472,-0.7845,Fri Jun 08 16:36:34 +0000 2018,0.245,0.687,0.069,"Toby Douglas has been searching for the truth in the death of her son, Nook. He was 18 when he was shot dead by a p‚Ä¶ https://t.co/0sefB5RAcA",73,nytimes
473,0.0,Fri Jun 08 16:29:44 +0000 2018,0.0,1.0,0.0,"""But this is what I don‚Äôt get: It took me 5 months to find out how many times my son was shot."" https://t.co/bPyPZ2nuCr",74,nytimes
474,0.0,Fri Jun 08 16:16:04 +0000 2018,0.0,1.0,0.0,"President Trump revealed new details about Melania Trump‚Äôs condition, saying ‚Äúa big operation‚Äù kept her from travel‚Ä¶ https://t.co/SPN5NRfxbk",75,nytimes
475,0.0,Fri Jun 08 16:01:03 +0000 2018,0.0,1.0,0.0,"RT @poniewozik: ""Anthony Bourdain understood that eating was simply a way of taking the world inside you."" On his TV shows, one part of a b‚Ä¶",76,nytimes
476,0.2144,Fri Jun 08 15:46:04 +0000 2018,0.0,0.883,0.117,Trump said he‚Äôs considering pardoning Muhammad Ali. But his conviction was overturned in 1971. https://t.co/ikLLf3cNaJ,77,nytimes
477,0.128,Fri Jun 08 15:29:03 +0000 2018,0.0,0.88,0.12,"RT @kimseverson: Our updated Bourdain story, with exclusive comment from @ericripert.  https://t.co/OO6mmijKFl",78,nytimes
478,0.0,Fri Jun 08 15:24:28 +0000 2018,0.0,1.0,0.0,"2 years ago, we asked Anthony Bourdain to answer a series of questions. He sketched his answers, with a Sharpie and‚Ä¶ https://t.co/o813eeMuXF",79,nytimes
479,0.296,Fri Jun 08 15:00:17 +0000 2018,0.0,0.896,0.104,"14 million Facebook users who thought they were creating private posts last month were, in fact, making public post‚Ä¶ https://t.co/KH5KxybJtT",80,nytimes
480,0.4767,Fri Jun 08 14:46:06 +0000 2018,0.086,0.712,0.202,RT @nytpolitics: How does The New York Times decide whether to publish leaked information about national security? We're glad you asked. ht‚Ä¶,81,nytimes
481,-0.34,Fri Jun 08 14:31:04 +0000 2018,0.366,0.407,0.227,What to do when a loved one is severely depressed https://t.co/3Qd32EdtdY,82,nytimes
482,-0.8176,Fri Jun 08 14:16:05 +0000 2018,0.333,0.667,0.0,"At least 35 people were killed when Russian warplanes attacked a rebel-held village in northwestern Syria, a Syrian‚Ä¶ https://t.co/J2x1F10SMO",83,nytimes
483,0.3612,Fri Jun 08 14:06:05 +0000 2018,0.0,0.884,0.116,"""It's a bit like therapy. People who are marginalized or not cisgender are doing it because it's urgent,"" the write‚Ä¶ https://t.co/8AzwXDWuNa",84,nytimes
484,0.0,Fri Jun 08 13:45:09 +0000 2018,0.0,1.0,0.0,"""Quick reminder: The fallout from this meeting could be actual fallout."" Stephen Colbert wants Trump to prepare mor‚Ä¶ https://t.co/ss2rnFWFXb",85,nytimes
485,-0.6705,Fri Jun 08 13:31:07 +0000 2018,0.2,0.8,0.0,The Israeli military published a video aimed at showing that a Palestinian medic killed by Israeli forces was not t‚Ä¶ https://t.co/SDbAs84ueG,86,nytimes
486,0.0258,Fri Jun 08 13:21:02 +0000 2018,0.0,0.942,0.058,"Two journalists, who helped lead a project to which prosecutors say Paul Manafort funneled more than $2 million fro‚Ä¶ https://t.co/JCzKqPc4GE",87,nytimes
487,-0.4767,Fri Jun 08 13:11:04 +0000 2018,0.154,0.846,0.0,"The president said he looked forward to addressing ""unfair Trade Deals"" with Britain, Canada, France, Germany, Ital‚Ä¶ https://t.co/xVSjYdcTpH",88,nytimes
488,0.0,Fri Jun 08 13:00:20 +0000 2018,0.0,1.0,0.0,Morning¬†Briefing: Here's what you need to know to start your day https://t.co/xGQLRwWfmB https://t.co/Ex6BRUWjhW,89,nytimes
489,-0.5423,Fri Jun 08 12:50:09 +0000 2018,0.2,0.8,0.0,President Trump said that his decision to abandon the Iran deal had already curbed Iran's aggressive behavior. He c‚Ä¶ https://t.co/gmY6FpgKEU,90,nytimes
490,0.3182,Fri Jun 08 12:43:47 +0000 2018,0.0,0.892,0.108,"Breaking News: President Trump said he supported readmitting Russia to the Group of 7, putting him further at odds‚Ä¶ https://t.co/mp9fKpqN9P",91,nytimes
491,0.0,Fri Jun 08 12:40:00 +0000 2018,0.0,1.0,0.0,"For the past several years, Anthony Bourdain hosted the show ""Parts Unknown"" on CNN and was working on an episode i‚Ä¶ https://t.co/0KPrjoIdSx",92,nytimes
492,-0.7351,Fri Jun 08 12:31:05 +0000 2018,0.256,0.744,0.0,"In the hours before the G7, President Trump and the other leaders waged a nasty Twitter fight over trade, ditching‚Ä¶ https://t.co/R9QgkMRDsp",93,nytimes
493,0.0,Fri Jun 08 12:20:09 +0000 2018,0.0,1.0,0.0,A shopping mall in China introduced pedestrian lanes for walkers who are glued to their phones https://t.co/Ny75iiDoLX,94,nytimes
494,0.5267,Fri Jun 08 12:11:05 +0000 2018,0.0,0.825,0.175,"Your daily @DealBook Briefing:

‚Ä¢ Verizon names its next CEO.¬†

‚Ä¢ The Justice Department‚Äôs antitrust chief weighs i‚Ä¶ https://t.co/HPwueTzstC",95,nytimes
495,-0.4019,Fri Jun 08 12:01:28 +0000 2018,0.137,0.863,0.0,The Twitter habits of a sports executive‚Äôs wife have caused him to lose his job in inglorious fashion https://t.co/hbIzaj7SC3,96,nytimes
496,-0.8555,Fri Jun 08 11:45:03 +0000 2018,0.307,0.693,0.0,"A year after the death of Freddie Gray, a teenager known as Nook was shot and killed by a police officer in Baltimo‚Ä¶ https://t.co/SsbHrVzjBn",97,nytimes
497,0.0,Fri Jun 08 11:42:32 +0000 2018,0.0,1.0,0.0,"Breaking News: Anthony Bourdain, whose memoir about the dark corners of New York‚Äôs restaurants started a TV career,‚Ä¶ https://t.co/x9oLeqDwjZ",98,nytimes
498,0.0,Fri Jun 08 11:30:09 +0000 2018,0.0,1.0,0.0,"Justin Trudeau said at a news conference with Emmanuel Macron that ""we are going to defend our industries and our w‚Ä¶ https://t.co/RtA9at0bcZ",99,nytimes
499,-0.4118,Fri Jun 08 11:15:10 +0000 2018,0.116,0.884,0.0,The relatives of a Baltimore teenager think they know the name of the police officer who killed him. But when his m‚Ä¶ https://t.co/sNMkreeTFr,100,nytimes
